snapshot,time_Myr,exp_I0,exp_r_d,sersic_I0,sersic_re,sersic_n
0,0.0,4336.256938578956,0.38722673279387565,184.05065369161736,1.446676424610108,3.0280692261036384
1,14.2857,4497.670888991209,0.3794232364933364,180.5341469152874,1.4537765125102364,3.172566700129921
2,28.57142,4599.053273032798,0.37174102462021463,145.25442236147873,1.624308476732028,3.612346951407136
3,42.85712,4633.756685947468,0.37098341428441867,162.22511329522598,1.5266185883554086,3.457996027475904
4,57.14285,4541.863029692012,0.3768057029741292,193.90694748968966,1.3908282377821317,3.0985428688957377
5,71.42857,4603.858701010399,0.37239093436270804,184.7731665695112,1.41982521081899,3.2267687337332274
6,85.71427,4746.067645287393,0.3613021617326942,103.95844564034998,1.9299719726954225,4.32817553212611
7,99.99999,4810.621326248999,0.36038685039739665,113.08606432515866,1.8458462893498746,4.226151961727916
8,114.28571,5028.929605854786,0.3496102634724417,79.82087356826759,2.2122343413170027,5.093790293718122
9,128.57141,5144.10664687794,0.3450469433787222,86.79320241357519,2.0944087764937143,5.083952047264188
10,142.85713,4789.911237465446,0.3647864862883342,179.75086261932174,1.434347833316903,3.410107267832618
11,157.14286,4978.861777676211,0.35292228194699415,127.96572737830364,1.6999798067646927,4.1993221685644295
12,171.42856,4954.456807008188,0.3546487186083576,146.5109179541381,1.5800507366609358,3.932859981991938
13,185.71428,4935.71409560811,0.35444089586477623,134.56161544108474,1.6542661031343764,4.072102247009922
14,199.99998,5051.836101177975,0.34705780444976575,94.61213498073928,1.9887108621066565,4.8598572143069845
15,214.2857,4984.424648598451,0.35430905386609474,163.49492411241457,1.4878594373404586,3.7598276137484805
16,228.57142,4488.261562626156,0.3843404952335151,286.4637701350634,1.1350353848263999,2.4506648322671674
17,242.85712,4648.608505307443,0.37002458945341893,176.8463238322722,1.451743858387968,3.3318498464580464
18,257.14285,5016.3361034555755,0.3513532733053885,120.46644835660959,1.758090454269172,4.3334817533799
19,271.42857,5038.634452070187,0.35451475041198593,160.41573892311584,1.5147792532847644,3.8066752238656134
20,285.71427,4953.3825877764775,0.35574079919192925,127.5015238061052,1.7194468508910137,4.145948037021108
21,299.99999,4975.004446204707,0.35478948339297,152.37061614046058,1.5512572972301224,3.8637252424409354
22,314.28571,4971.976905126096,0.35432345916005437,155.9025417525604,1.527174653457695,3.83311655396195
23,328.57141,5310.036415402124,0.3381556518570532,95.82890332932418,1.9514374163392005,5.142825246441568
24,342.85714,5241.577451726312,0.3430253105927929,133.8220024504123,1.6368729991194932,4.393064544541263
25,357.14286,5387.819320259208,0.33376416697750966,64.7202993443092,2.4098682272535403,6.048497248374996
26,371.42856,5413.3578441889285,0.33792072627014724,159.47955577794602,1.4781425648546458,4.227196132474324
27,385.71428,5158.891626402109,0.34723036788382755,154.24784515222112,1.5234804108555269,4.03180540403108
28,399.99998,5020.450360391405,0.3548910578902775,189.279455761179,1.377799679745422,3.5172462368843354
29,414.2857,5074.4572759176845,0.3543820736685424,195.48776870033163,1.3584094350569789,3.4872942592299623
30,428.57142,5313.86996173757,0.33843526641943283,78.03009814284111,2.198725901354674,5.515550975842068
31,442.85712,5103.658441917387,0.3516473700836938,187.25660213637127,1.3822770653814047,3.602099820261726
32,457.14285,5059.767301562452,0.3530386750259722,168.0385079939246,1.4701868292261973,3.755433085631402
33,471.42857,4837.672560060464,0.3635687570942597,191.37958942899476,1.3863356150956456,3.3345521762564365
34,485.71427,4942.108919673576,0.3599651216712506,194.93962925012866,1.3690619127568253,3.3825795738495485
35,499.99999,5263.771075770959,0.3435841023791193,125.05659079030454,1.7102290369255113,4.507432218587732
36,514.28571,5064.745920508877,0.3533155449672393,181.54740945015834,1.409506972315193,3.621348396539637
37,528.57141,5352.099464944953,0.3398822540009765,134.64785324668932,1.6300462336640436,4.476597089720664
38,542.85714,4970.266269432934,0.35729619208056806,185.03515348979198,1.400369004750942,3.5098936383450114
39,557.14284,5262.310560666894,0.3438142777474291,152.93491589119435,1.527231323975129,4.138185866475267
40,571.42856,5211.4426148711555,0.3457155275309284,143.28204823599484,1.5882739151209693,4.20474216315388
41,585.71428,5247.792071149428,0.34382995517586246,132.51569170027918,1.6535777331971064,4.393385071099469
42,599.99998,5207.603632041655,0.34788824306395694,189.70295290522196,1.3668040260948535,3.670829043963705
43,614.2857,5272.254559389325,0.34477092826721123,164.20792522988825,1.4736489246704783,4.001452569995853
44,628.57143,5224.390822590474,0.3458642165701785,162.55192015075454,1.4824829967477924,3.9774768150298
45,642.85713,5099.81136605415,0.35191683990805517,174.982689819107,1.437222359047712,3.7138916399830015
46,657.14285,5093.072811644575,0.3538814152227496,197.61896203531043,1.3508888188542996,3.4784507214411957
47,671.42857,5182.396801974387,0.34876280692268735,165.06096219747576,1.480268006368492,3.8897944315467674
48,685.71427,5128.282812456975,0.3525104424198593,199.04323865199098,1.343634111414928,3.4945633571238224
49,699.99999,4916.115316680626,0.36114581333762186,191.68624095554185,1.3850684441952084,3.384619188352484
50,714.28571,5153.891642628601,0.34879674565463076,162.68953120394772,1.4884912730755684,3.902327870552861
51,728.57141,4799.712353932742,0.36526570217747467,204.93784881435172,1.3354497546014832,3.1963010886252774
52,742.85714,4916.501147260321,0.3603748595806032,218.78896123165404,1.2809461692124957,3.17921619558366
53,757.14284,5033.1935211077825,0.3567552979025972,236.4374760000121,1.2250726677093122,3.1312179715792716
54,771.42856,4731.486735358755,0.36921175261265393,229.86432901129186,1.258052962250157,2.9608827750712523
55,785.71428,4799.596825225046,0.36738493100095154,273.2442967767375,1.1433949410740658,2.72598416373798
56,799.99998,4957.457703936002,0.3580942960169773,199.79860075641076,1.3426348413556957,3.369719762702952
57,814.2857,5072.254902778281,0.3533561305751265,199.49852247542142,1.3375265349807215,3.4638613510478886
58,828.57143,4724.483286708901,0.3720677621440109,243.93236367101227,1.2279811470757362,2.842948753851439
59,842.85713,4822.385985652337,0.3675445438947673,244.38765851815765,1.2217395395203043,2.905748248974933
60,857.14285,4999.967366992797,0.35502319842340874,157.254298301115,1.5282642726053222,3.820800501796065
61,871.42857,5084.00701626023,0.3511793410791745,158.45724360662174,1.513521694826766,3.8888862129272397
62,885.71427,5072.380018292033,0.35472047928085687,218.88019433020133,1.2761660459309814,3.290248929175726
63,899.99999,5044.751360939749,0.35267963692933285,152.07360841215564,1.5515079984294582,3.9251496668468295
64,914.28569,4846.002320876948,0.3657638477862951,235.10582125441013,1.2441645539010788,2.98979689301505
65,928.57142,4696.6213366128695,0.3749463688299355,281.1365810564233,1.141085238388732,2.597200235430417
66,942.85714,5023.086719194759,0.35644674889041045,204.6089762781795,1.3267997065959944,3.3683014460578145
67,957.14284,5012.124368838048,0.356554719895328,208.5292722214992,1.311866308296629,3.3303604665126696
68,971.42856,4895.8938929462265,0.3608805930969614,206.5731084381289,1.3226546707595186,3.2607447651086696
69,985.71428,5110.246653598542,0.3496716903336622,163.01448526261842,1.4844048646696264,3.873065041983718
70,999.99998,4933.836463103908,0.36034456066878456,207.97970372717597,1.3204008925121187,3.2692953353315706
71,1014.2857,4719.929213766439,0.3738886296539253,265.0433139502495,1.1787020197018554,2.7005696371072156
72,1028.57143,4987.504812785004,0.35933415737088736,210.21744942767782,1.3163045656276164,3.2766922139440786
73,1042.85713,4806.068182321605,0.36780295003534635,204.5224046201838,1.3500012746607954,3.1794641970130226
74,1057.14285,4943.740694277608,0.3610244405017569,216.80465685974457,1.2953718993428867,3.1934631191737757
75,1071.42857,4714.322177052083,0.372871029796172,255.74141757084774,1.1982755824779814,2.757881426854434
76,1085.71427,4819.002114297801,0.36183991495067286,144.17506236336854,1.615806987400229,3.808949659581018
77,1099.99999,4373.897425140678,0.39436299723440943,361.56582935293784,1.0135412950125657,2.044277334904514
78,1114.28569,4279.1308731351555,0.3991299850377148,370.51495846844625,1.001873964144111,1.9672760823675373
79,1128.57142,4404.06068291526,0.3881630029259518,286.3435836119276,1.1373900782716149,2.4043476327732463
80,1142.85714,4636.3039482419645,0.37619245743117996,274.6864097075825,1.152029645947817,2.6068036825673806
81,1157.14284,4715.838369350211,0.36936569965718935,225.06060941807007,1.2721311604422774,2.984773281633824
82,1171.42856,5099.614091618816,0.3514521213021148,183.2656485453243,1.3969983769167318,3.643204833234838
83,1185.71428,4734.173150620897,0.37183708738152704,247.89409605321555,1.2171353841913182,2.8234680901860467
84,1199.99998,4744.836459432922,0.369105735785758,209.92570775995,1.327109584219485,3.1046690002709036
85,1214.28571,4822.766381477053,0.365430752802864,204.90561586969596,1.3398575893892417,3.203508062364944
86,1228.57143,4905.761687119272,0.3603261588621388,190.2152618847405,1.3849538771889702,3.404075130777924
87,1242.85713,4945.354085343389,0.358391116448764,202.65820966724414,1.3321316605134492,3.335773213345692
88,1257.14285,4884.709108104121,0.36212033380333586,225.8889071903327,1.2614257488547487,3.100163031265737
89,1271.42855,4967.796125901994,0.3576606480086771,208.209845060228,1.3116476444053626,3.3068867684125083
90,1285.71427,4842.276395881424,0.3647185248899332,226.65695808867713,1.2644888360679403,3.057677508219737
91,1299.99999,4854.254129939826,0.36425912889313383,235.4714901475717,1.23700629048421,3.005632612128823
92,1314.2857,4753.218720928309,0.3683797763998672,257.74976091378636,1.1797697828609848,2.7920822433051415
93,1328.57142,4583.852562738198,0.3762265451739478,249.67823303361465,1.2090674086133602,2.7300161010411155
94,1342.85714,4608.811725954571,0.3789490260291439,300.418631690514,1.1014783894461662,2.450414599204001
95,1357.14284,4354.632492346094,0.391636699654847,269.7480028671282,1.180780098494586,2.4606627516009216
96,1371.42856,4478.230971464545,0.38401773599845895,279.54722258754964,1.148020319450994,2.484931069903284
97,1385.71428,4810.4886988530625,0.3646501123163745,216.78407942575998,1.2920433873804302,3.1170193360162406
98,1399.99998,4671.981277846622,0.37307418546339527,247.06362438250034,1.2159765429280833,2.7975943878569294
99,1414.28571,4456.1084867835125,0.3859761210688174,274.9722550588531,1.1632545607609983,2.4902898410975824
100,1428.57143,4587.332988281035,0.3798545112342587,285.9629513366765,1.133727481036026,2.5080347828244056
101,1442.85713,4629.806148303478,0.3779871683195811,260.16576290647316,1.1934626528483927,2.677543946892263
102,1457.14285,4753.75457332667,0.3687307225132598,230.24571489994253,1.2586380511594957,2.967270288579337
103,1471.42855,4948.276033588908,0.3570726159126148,199.94760434327935,1.336421096453232,3.3724497844611676
104,1485.71427,4756.483752695602,0.3656179594995717,217.71170212498464,1.285068590407568,3.0837974285619176
105,1500.0,5037.353235196316,0.3526994800590955,189.92016144200764,1.3655372292167893,3.5480952524703238
106,1514.2857,5079.028026688147,0.35233937003880716,190.94193248326198,1.3651236887656464,3.561419063535574
107,1528.57142,4927.0772985730355,0.36084149971543145,237.66799080651109,1.225618706495537,3.0459088837545414
108,1542.85714,4802.186260806433,0.3645438527452829,193.92477324135183,1.373845677787286,3.2970657583572094
109,1557.14284,4528.173333374918,0.3832177682892451,288.5699416354064,1.1315872184982254,2.459738442696085
110,1571.42856,4524.969279554565,0.38544869222201894,334.4923575841763,1.0489832923701714,2.234608338305777
111,1585.71428,4908.4110895118965,0.35821059017993356,177.33243355491038,1.4310361889395544,3.5416075028213956
112,1599.99999,4698.098745145749,0.3736433044496388,289.40284622188955,1.1180191206473566,2.5616924992146
113,1614.28571,4793.795956154827,0.36724859034170826,231.38853283981106,1.2537627066612977,2.98801681676579
114,1628.57141,4761.487527684928,0.36819772713552434,252.82036924660719,1.1924557750313949,2.8288903322765546
115,1642.85713,4805.816666831591,0.36601300528302805,259.15817021824347,1.1722201260335705,2.825026617932531
116,1657.14285,4632.985779563636,0.3757188380860124,298.8637004685708,1.0960977478762102,2.4839353659992036
117,1671.42855,4586.490774711231,0.37965729409222143,318.20217542836326,1.066132619872461,2.3551568951579664
118,1685.71427,4619.0258682532785,0.3774481071746542,305.1795897606996,1.0879685923515376,2.437829140296044
119,1700.0,4438.571162548016,0.3838150146291979,232.60510604338432,1.2667670758519807,2.7426701643784113
120,1714.2857,4292.89111886769,0.3967223322389263,318.7861104185021,1.0834912582732303,2.18416652535496
121,1728.57142,3899.6623580044215,0.42431254556084774,347.2212727852722,1.0588833426107034,1.8715087460704942
122,1742.85714,3961.2531517141074,0.42006261016452723,357.7807805910123,1.0387073507414692,1.861387410313902
123,1757.14284,4071.2329031713134,0.4130895225450066,362.26325498407596,1.0269272497643565,1.8965947640648901
124,1771.42856,3982.0776136392865,0.4175379580830129,348.1604180357525,1.0503251710278467,1.9082160145842828
125,1785.71429,4133.693189518628,0.4046740931217289,318.1107572948004,1.0875955188078992,2.1088969353280484
126,1799.99999,4307.907178085755,0.39391286523002145,317.78936330092193,1.078173245328521,2.2038067678579374
127,1814.28571,4074.667623511122,0.41319504449094996,415.3719309727233,0.9520369161338271,1.7250112078485424
128,1828.57141,4268.652356300496,0.3967365915777271,320.0230800861362,1.0773589524178586,2.1722123135905935
129,1842.85713,4583.885176025999,0.3763699275092885,251.22652230300474,1.2040185031945059,2.7250650148661437
130,1857.14285,4753.55951083548,0.3694960181807878,292.5629596651227,1.1024582125778268,2.5911480212507367
131,1871.42855,4726.436363227017,0.37194956375079286,289.5586781451581,1.1141716157870718,2.5841080593886274
132,1885.71428,4855.4281151524865,0.36291484285735426,215.90376672720083,1.292677550840553,3.1594995155306846
133,1900.0,4861.409345287524,0.36234326012763546,217.46477262384593,1.2862086073139758,3.1527820846283787
134,1914.2857,4899.325600635503,0.3610475069965128,227.3554255392782,1.2536764279040806,3.1065238826581583
135,1928.57142,4846.525349053431,0.3637013191300279,236.41605157910345,1.2302312488264713,3.003366393204239
136,1942.85714,4892.502298986545,0.36000837709399564,237.17903075362125,1.2188463127806677,3.0438063916131326
137,1957.14284,4935.714069922057,0.3585377095461198,213.96907649083832,1.2903630502315377,3.2450837903716527
138,1971.42856,4589.67718015875,0.37912012937161044,286.4365250563365,1.1292914826060931,2.5140213854343654
139,1985.71427,4877.365974377975,0.36142378731247576,208.33842046367238,1.3155148541463673,3.2379166756176323
140,1999.99999,4637.142440762667,0.37386793460473455,243.9311811785093,1.2223255582910755,2.8024992849788295
141,2014.28571,4520.325725172193,0.3841740266460765,340.8071834808586,1.0331187583100905,2.2125856479697354
142,2028.57141,4558.405495448244,0.38030301973817354,285.685408428103,1.1312877142338607,2.500246754917227
143,2042.85713,4476.078344397571,0.3904853833485759,402.11354757196074,0.9556058410244507,1.9462271315511686
144,2057.14285,4933.651229359068,0.3596014948472884,228.3073890168373,1.2489968520480585,3.1252395382821074
145,2071.42855,4911.725827298395,0.3577653930307713,184.15636226983412,1.3969449661498103,3.4938793621051856
146,2085.71428,4724.264417392478,0.36881643228002703,265.92928312809426,1.156551114231298,2.7326685191976434
147,2100.0,4656.807080942388,0.3725696541341991,269.4799132112695,1.1534155027419555,2.6646932788017126
148,2114.2857,4529.943790456041,0.38180668247158583,305.0642486100487,1.0917532199473008,2.387457522141904
149,2128.57142,4572.423584722004,0.3839388347891774,399.79073071580797,0.9510531960835071,2.0039111492234625
150,2142.85714,4940.006946794512,0.35799245027620896,188.44220587698183,1.3845393031763544,3.4625428546550845
151,2157.14284,4474.996223043565,0.3870494091321542,318.7582270323123,1.0757563088067308,2.2826600185896493
152,2171.42857,4873.5958415053565,0.36215887524214346,228.24861836481335,1.2521359343446876,3.081597505271187
153,2185.71427,4820.895273133507,0.3669252819253862,283.28635751454044,1.1208458202486205,2.682657850325072
154,2199.99999,4940.20321469577,0.3588725912676518,221.64955911746299,1.2671979341726807,3.1849131239253112
155,2214.28571,4780.895139867193,0.36564542811556694,229.84589935225102,1.2494321637656782,3.0079610564969275
156,2228.57141,4968.134981761634,0.3571169230317709,225.81607191192754,1.2499595346488925,3.1807242158037154
157,2242.85713,4700.63728103714,0.37227537078973005,272.0952559531294,1.1511609262250053,2.6698181143654502
158,2257.14285,4646.044979880959,0.37631924591440674,312.7586030906226,1.0727977174878163,2.4155897217086126
159,2271.42856,4925.115342233647,0.35737810464159625,174.55859603244926,1.4400182122515197,3.593145648692676
160,2285.71428,4854.437476800396,0.36597672208801957,283.142166189533,1.121686866936258,2.7017298571999904
161,2300.0,4654.405554842283,0.3748208172189382,277.98423087746653,1.1410528237153528,2.605255372808272
162,2314.2857,4582.228155460216,0.37788059272627184,273.1225107677169,1.1543346737480293,2.588872049509582
163,2328.57142,4772.566572431224,0.3677723154838747,259.82685695402824,1.1735913554081658,2.794912388000055
164,2342.85712,4792.68634383717,0.36797504581214957,257.11228888308307,1.1837738506519309,2.8181343451616656
165,2357.14284,4592.316227740231,0.381031878623461,319.85447139954715,1.0684304138083014,2.343203592397508
166,2371.42857,4481.97065834008,0.38561497040333564,325.0226972805542,1.0606921642861609,2.261707294498698
167,2385.71427,4602.620669988791,0.3777033530596342,303.54875216896147,1.090404611572067,2.437535270846516
168,2399.99999,4827.600344351357,0.36439247282157666,236.28389334358252,1.2309733552462792,2.991827652477856
169,2414.28571,4655.340262772147,0.3737659180058191,258.90672710920313,1.183520734995814,2.7204020998033935
170,2428.57141,4965.820640115575,0.3597234135822572,253.74871243361196,1.1813091520506696,2.964611286857808
171,2442.85713,4848.892047946033,0.3648545658125693,253.89010852818575,1.1870314575759604,2.88055511372606
172,2457.14286,4870.403822783227,0.3626267953560185,255.35165645663906,1.1772807434982355,2.89465020100316
173,2471.42856,4701.475708635161,0.37320793011583414,311.4376449965774,1.0708250750099737,2.4589227488454775
174,2485.71428,4608.699888309245,0.37845213012863677,326.49006342286617,1.0495009779645985,2.3310681405035405
175,2500.0,4773.66627488255,0.3689660208077887,308.06328812738343,1.0715796549205008,2.5222464631928836
176,2514.2857,4528.103395518946,0.38140247136328065,303.35302743778703,1.0934446746381867,2.397352602287549
177,2528.57142,4817.224001367769,0.367044411780337,285.01592712296844,1.1170787900095471,2.6709656092562137
178,2542.85712,4778.687019624614,0.369030572914798,274.6762443613861,1.1429142764905889,2.702986104702503
179,2557.14285,4710.751998305347,0.36929377337117125,234.09758370612175,1.2424184983474322,2.9248321236244235
180,2571.42857,4628.963034012925,0.37655716721706567,307.26307665367796,1.0820962199606299,2.4352478107454885
181,2585.71427,4939.83450468209,0.3580487816641604,207.79793733387442,1.3098322890774203,3.301454722038598
182,2599.99999,4292.918648430561,0.3959194849905412,323.9530256274358,1.070294465913023,2.167577906035273
183,2614.28571,4473.838279840609,0.38656303962956945,372.474601314671,0.9851370214770366,2.063058994801443
184,2628.57141,4572.970964032467,0.377844328821963,276.19865130659036,1.1458458741204933,2.568585409623221
185,2642.85713,4639.621741928041,0.37753581996131075,304.8533902966841,1.091200707298193,2.4473328896095046
186,2657.14286,4477.026829822482,0.38979177809624127,361.88483570109116,1.0107415055109954,2.0950511138378025
187,2671.42856,4736.354425280077,0.37003645489476206,239.93589712334236,1.2318777765628617,2.890425458020629
188,2685.71428,4871.465689235046,0.3635980339197041,262.4696144557862,1.163504933760036,2.8427495316443454
189,2699.99998,4623.145118514427,0.3752488655181767,255.74842982251937,1.193407925069147,2.717432312561531
190,2714.2857,4667.357849522216,0.3751270190981222,297.48113614225326,1.1012868842751855,2.505571200238535
191,2728.57142,4592.003849885596,0.3791049404160204,292.48486439218925,1.1158643270209716,2.48576108750818
192,2742.85712,4604.595043567871,0.37848717922604125,295.86995856971976,1.108226602163928,2.475824131100735
193,2757.14285,4595.181264339323,0.37712586137387555,266.9673650911377,1.167597599702453,2.6338620632111787
194,2771.42857,4628.286868151847,0.37778461219804776,313.6797636541322,1.0732800509744687,2.400176772934206
195,2785.71427,4500.988043053578,0.38440993546514957,333.47934667817356,1.0437576153115462,2.237308073389155
196,2799.99999,4677.383818299253,0.37277533700762866,275.6815701611186,1.1422528188322825,2.635924014417076
197,2814.28571,4664.716783375193,0.37450258255230373,279.17799314450104,1.1385885067709862,2.603742622560121
198,2828.57141,4740.85878232971,0.3707995571184588,273.34800187622,1.1479545485634792,2.685581524450534
199,2842.85714,4454.3120865975025,0.38881798055995836,372.4954545330384,0.9894362278105158,2.049416256181689
200,2857.14286,4526.2735047513115,0.38311643565451825,339.4145397497349,1.0329902910865214,2.2240796451897853
201,2871.42856,4670.462656356566,0.3735261549518461,272.2802842638906,1.152040554105882,2.648519808093465
202,2885.71428,4823.430956472477,0.36659838555909724,270.2826522507237,1.1501143914125107,2.758168129162998
203,2899.99998,4680.014459889567,0.3728943855915344,261.6164384264922,1.1769230806110937,2.7174377315607314
204,2914.2857,4611.601175351225,0.3768592032520666,271.4041400295594,1.157794566218081,2.6174047849091733
205,2928.57142,4397.048091093601,0.39185753926362815,365.6806965098649,1.00109404019177,2.048794283238539
206,2942.85712,4458.523444874891,0.38563319602090207,320.65931761383246,1.0645011428583389,2.277404169904704
207,2957.14285,4531.754915817155,0.38123709204203515,308.6374241080231,1.0826804333145976,2.3747214720424497
208,2971.42857,4280.8732007749395,0.39733800798600677,328.3540153801947,1.0652177792080826,2.1399789427708127
209,2985.71427,4761.481357059648,0.3724159569467207,298.14772958472616,1.101637243974895,2.5508953528020784
210,2999.99999,4155.267734682737,0.4085363246819849,386.4716395436104,0.9884272450562887,1.852011133864475
211,3014.28571,4784.429555144903,0.3671820740397568,234.74257877061285,1.2420091599002487,2.962541766993437
212,3028.57141,4674.24348623019,0.37616604902676987,312.3812113439579,1.0766468797788515,2.427158451989028
213,3042.85714,4562.570409691792,0.384938651338476,353.5964019913484,1.019428716508706,2.171816048404397
214,3057.14284,4274.311677026833,0.40024223094880745,363.87968957516836,1.0135903393280417,1.9899675029333614
215,3071.42856,4367.4416355945295,0.39128511936045957,291.24071111687255,1.1310878115638365,2.358567256165199
216,3085.71428,4371.962774912992,0.3921535304472627,320.2113648680461,1.0757894119735072,2.223388366877887
217,3099.99998,4406.655870922786,0.3901933632859145,337.04922063806384,1.0441259176666267,2.168948142973753
218,3114.2857,4193.560646917966,0.4057584276476568,379.30302847060517,0.9957122273742764,1.8954367323435273
219,3128.57143,4385.890213566394,0.39262898176109196,335.9782531616957,1.050677447538349,2.158976522906924
220,3142.85713,4448.75751619382,0.3889511137458079,324.8663554542421,1.0672765335464691,2.2393347659656753
221,3157.14285,4727.821002970089,0.37202870533972454,278.21003073827524,1.139906205363988,2.64519768288212
222,3171.42857,4444.903987346846,0.3863736271870628,283.4107375020986,1.1425551239003722,2.444100441920922
223,3185.71427,4569.938243356785,0.37838144501475646,261.10097786254437,1.183917832404827,2.6502058296549933
224,3199.99999,4429.115576152096,0.38879613408895647,344.9679420171545,1.0290218213222546,2.149330551622776
225,3214.28569,4242.668313735387,0.40000937823826593,357.41388069535674,1.01892591092077,2.004439321494556
226,3228.57141,4221.106383478827,0.4024771569751606,365.1896942235381,1.0107028070598647,1.9633985832727436
227,3242.85714,4277.675384850728,0.39795036781699883,357.7938964679228,1.0165049677007112,2.0210343436611913
228,3257.14284,3995.3689633234276,0.41421355547514854,339.13918711890693,1.057162703225441,1.956035675976367
229,3271.42856,3889.6198000140894,0.426165075343943,413.9573165087324,0.9624765545300188,1.6510785188221473
230,3285.71428,3909.9099352425856,0.428328686860553,472.83388055898735,0.9020965076719114,1.496317023070805
231,3299.99998,3870.952850643602,0.43146523736132225,441.2331130121332,0.9391320430014013,1.5629046282341683
232,3314.2857,4218.461822030777,0.40177000123976936,338.3731358682344,1.0530148959777843,2.0639933066918883
233,3328.57143,4264.236008395714,0.39654491009306797,300.0762513425626,1.115907098357612,2.2598149558629705
234,3342.85713,4102.343391195544,0.4094897043612829,369.1960756380229,1.0097342880427522,1.8914723926637482
235,3357.14285,4407.15685948002,0.388309892583243,307.0833096914384,1.0934603170543788,2.3085340494250097
236,3371.42857,4360.490666022447,0.39325795716508927,353.0801140051247,1.020581139152014,2.0802545488338344
237,3385.71427,4656.781993207938,0.37447809159570544,265.65404648861585,1.1696664790727984,2.6765522952638063
238,3399.99999,4654.8098482455025,0.3772003381742038,303.08141075269754,1.0956454154877207,2.46232986191359
239,3414.28569,4531.7425404714595,0.38521891751902965,353.12827715328945,1.0176159741465882,2.161667439692186
240,3428.57142,4575.269909815268,0.38293337479653905,337.32016507737313,1.0414074337580352,2.2519640137357957
241,3442.85714,4523.203736952415,0.3812697539655282,273.5238517235184,1.157990099081976,2.5475936019034626
242,3457.14284,4534.552488785976,0.3819128048580811,321.78467635659786,1.060638008011488,2.3107991943590034
243,3471.42856,4298.4181953607285,0.3954780567587073,322.1841892733731,1.0730582116602874,2.178063916342856
244,3485.71428,4387.0620651127,0.39351309415589,358.6249227639759,1.0157094197174903,2.0672197300114608
245,3499.99998,4352.631569181283,0.3944792969502294,325.6483426716779,1.0705033888554796,2.185560678236119
246,3514.2857,4353.247652145915,0.39346499818867914,324.56153934109346,1.0697370492863119,2.192708555082557
247,3528.57143,4517.292526701194,0.3833842474270671,308.46793335555236,1.0887516758921516,2.359923985023411
248,3542.85713,4395.285121499352,0.39090350610689545,320.5139914584982,1.07426389970468,2.234532495160352
249,3557.14285,4580.323168334197,0.3780073713488887,266.8520746445762,1.1693024034095567,2.6239967634242314
250,3571.42855,4378.154331029026,0.39235779786283054,341.44723359906345,1.0391378555431703,2.1358418855225882
251,3585.71427,4517.772048360672,0.38302513722127524,323.9816411037131,1.0575698412310426,2.292705313296675
252,3599.99999,4521.310597097273,0.38199876203377164,322.0041586996196,1.0584920671948719,2.3062678658602835
253,3614.28569,4423.478445125621,0.3892084577503019,348.789602740511,1.0230826886436062,2.1313256334233937
254,3628.57142,4249.495634871034,0.4001334781150903,366.8736355029455,1.0056814787675732,1.9707303678103338
255,3642.85714,4299.928702437203,0.3951784870726676,310.2229007460357,1.0953075407454826,2.231989120483976
256,3657.14284,4246.898893717511,0.3991779213954387,324.10921238458565,1.0743013947455193,2.140160116968325
257,3671.42856,4130.659346389593,0.40852957885824603,352.4606062388762,1.037262985922779,1.9634029462486136
258,3685.71428,4171.388939213885,0.40360729232287407,294.8317408789465,1.1371573695644301,2.2279159331980973
259,3699.99998,4188.970731022902,0.4063826649280104,361.9066572219126,1.0235838194339422,1.9531753961209064
260,3714.28571,4202.427555968015,0.4058750350218618,382.61294447079297,0.9925816509587971,1.8861441911846235
261,3728.57143,4440.769340808792,0.3861784639790048,308.4533357982116,1.0886435750284658,2.3204345408467866
262,3742.85713,4395.49485399528,0.39042131769125105,345.5943803383803,1.0288190539879436,2.1299739149794736
263,3757.14285,4561.810062510964,0.37980475386601364,292.8493324738929,1.1137084429091204,2.4697806519776346
264,3771.42855,4439.908228833002,0.3892001490714258,347.793284989791,1.0264960963269796,2.141569259613217
265,3785.71427,4727.240958298437,0.36727681478700724,210.16534208747296,1.3134869249345198,3.1187902471899145
266,3799.99999,4378.498366179672,0.39296405177381316,338.1614554210467,1.0468595925668671,2.146829242272401
267,3814.2857,4445.809854500462,0.3918450756911381,387.12444261572995,0.9759318934069569,1.9856193177033674
268,3828.57142,4497.278387563396,0.38195495457244855,256.7173990932402,1.198989794527051,2.629055995793781
269,3842.85714,4712.922639568452,0.3702249261957875,259.63035642432163,1.1754392695810514,2.7599892826638768
270,3857.14284,4592.233005331476,0.3779891306173562,306.13597640019356,1.0843483479830294,2.422181030761851
271,3871.42856,4378.105274513375,0.3907465096920047,328.61389021043794,1.05703090964712,2.1930991972322587
272,3885.71428,4368.317116376807,0.3967363949989639,410.3143911993655,0.9496118608101914,1.8694997856408793
273,3899.99998,4434.875622409009,0.39089733603474536,359.18019888975226,1.012929006160175,2.088877845611535
274,3914.28571,4512.612825818308,0.3815374819771815,261.02321967230495,1.1881276868215143,2.6129701228719444
275,3928.57141,4321.32657077578,0.39685770310830976,369.4527991809465,1.0010420653196657,1.994458861808626
276,3942.85713,4311.583573255231,0.39413100080408664,302.63742251287545,1.1086564261566936,2.2746583645830762
277,3957.14285,3914.9477070827706,0.42548794240334825,435.48354400627795,0.9376832187748988,1.5985864143124837
278,3971.42855,4052.177346815408,0.4147148344576608,386.530072612379,0.991618985615647,1.8064729439801168
279,3985.71427,4225.041267092945,0.4027271866999999,361.2450107158286,1.019030840273977,1.9758118381666112
280,4000.0,4089.8101011648127,0.41469454300357933,399.39478320505015,0.9786933457075434,1.776885113706672
281,4014.2857,4205.182417175601,0.4045662112519507,315.45683483833955,1.101834881681431,2.1468039166822495
282,4028.57142,3892.1487334721273,0.4292095089436064,429.72861614926234,0.9506759492157477,1.602671172218778
283,4042.85714,4269.800749664016,0.3962227653539154,311.14170023106533,1.093289556681382,2.2122327201149132
284,4057.14284,3932.053367122407,0.4197950408903,354.58161652879994,1.038246081872353,1.8654040190978263
285,4071.42856,4063.9611927381293,0.41440455802398607,399.5689596140417,0.9742571584071026,1.7688414018476095
286,4085.71428,3732.8807219687965,0.4403702251192248,415.33083046752,0.9737902853985538,1.5802156912760892
287,4099.99999,3791.874666902494,0.4379166213540099,459.37453268293064,0.923292744798133,1.4845076217196516
288,4114.28571,4509.579589105811,0.38226968581233123,263.7030620758337,1.1836627062413896,2.5926907720311756
289,4128.57141,4350.9738484310665,0.39275997968144405,312.10580996946345,1.0909437676686418,2.2486350566244693
290,4142.85713,4245.611639897249,0.40279843763598067,360.74168927273,1.022696273854554,1.984197772169257
291,4157.14285,4331.4169846738705,0.4002423454277577,376.0064320065057,1.0026643827532387,1.9638928686529127
292,4171.42855,4356.56431813978,0.3953211814041486,314.1308850855544,1.0965204550869996,2.231093325582859
293,4185.71427,4315.170831599121,0.3966921042895674,304.50918160537015,1.1142034648863761,2.256770388642825
294,4200.0,4381.691762771365,0.3920681508717696,307.3454597108193,1.102124696285132,2.2836976710597514
295,4214.2857,4169.492192503572,0.40538246362236685,351.9950502828367,1.0340235082305749,1.9858603367743681
296,4228.57142,4402.049990702999,0.3904096270512584,329.6008001842374,1.0571465842326242,2.198547470613634
297,4242.85714,4256.370417801419,0.40213564177631433,411.7307891849515,0.9496176701568216,1.8159600409391068
298,4257.14284,4320.796995171315,0.39778163319527854,395.90177363748484,0.9661328640269031,1.8984579645307824
299,4271.42856,4272.195284322286,0.4006922053014377,395.81451489859325,0.9682142998419906,1.8767633040416714
300,4285.71426,4142.51923447552,0.4069051756826676,348.334257389846,1.0404912396623094,1.988071517922767
301,4299.99999,4282.147986709735,0.3993568862166665,358.20556302445516,1.0207608327629463,2.0164979973099433
302,4314.28571,4242.958448960581,0.40103970732455,318.4309377269433,1.0902913075659244,2.1573448866461304
303,4328.57141,3870.2070597130883,0.43075696170190536,419.26240309491646,0.9649365278331177,1.6225619019625397
304,4342.85713,4200.3794564220325,0.4060657488321255,356.83703065446065,1.032656085240446,1.9752350423259275
305,4357.14285,4194.448766159237,0.40378514767831636,313.6772756795246,1.1019831728074438,2.1514229567198258
306,4371.42855,4432.901131467138,0.38914417359042913,316.00200714921004,1.0830244655147307,2.2707256960145235
307,4385.71428,4138.802076728915,0.41136494951257546,378.56786336766646,1.0052552743363175,1.8681094734011734
308,4400.0,4224.655573541877,0.40355387968028245,337.61003690024654,1.060256831322581,2.0650365468900866
309,4414.2857,4133.429035866083,0.4108350693634557,377.4925331432513,1.0051226444649723,1.8700192196602978
310,4428.57142,3898.349155690059,0.42948890880259544,408.93005520417654,0.9786358592608236,1.663859689388694
311,4442.85714,3802.4044542347106,0.43202201730964873,360.1979480204385,1.0440446661730076,1.7808077970116094
312,4457.14284,3538.936938382753,0.45816397241844625,465.9371151158098,0.9269074111272149,1.3741313879114194
313,4471.42856,3374.6840000807038,0.4801411802853141,519.5101587476573,0.893273144016298,1.2011683365947
314,4485.71427,3394.951477198114,0.478542073924146,536.1406767152329,0.8780746214781586,1.1755701156800886
315,4499.99999,3280.1110906178665,0.48759769839887346,468.25107497086395,0.9467362091436002,1.2747308084342395
316,4514.28571,3516.286504716055,0.4624746363486005,459.9113214204912,0.9397776214388756,1.3783879586973207
317,4528.57141,3552.2595079259136,0.4575512488096121,423.3059615254197,0.9783717984595256,1.4837127321645105
318,4542.85713,3404.359227816723,0.47347649737971226,447.6221103676617,0.9606463811600711,1.3666540184079288
319,4557.14285,3752.6999775269255,0.43852679526256616,348.49434469619035,1.0738369348315595,1.7941087552402346
320,4571.42855,3913.1824229693957,0.42625981218542264,332.7647975818197,1.0929133791409684,1.923962108593194
321,4585.71428,4204.3344107049925,0.40711248487531865,331.597448742248,1.0800614225876226,2.069798047637407
322,4600.0,4334.230277681702,0.3992763675649756,336.00096362000187,1.0652478190458783,2.1184472051175205
323,4614.2857,4269.57813167324,0.40207345316280513,321.21685880943556,1.0924694171647567,2.1496000821502887
324,4628.57142,4557.003295593427,0.38582144773860416,323.66101792284644,1.073461479461372,2.2918258684843273
325,4642.85712,4382.041686948146,0.3973971825791593,374.76124514499253,1.0026834886640739,1.9918358216886318
326,4657.14284,4540.179706543605,0.3867660840543635,335.3927862155748,1.0529859972874394,2.232693937996459
327,4671.42857,4512.23157564848,0.3881132115740443,362.0931147713126,1.0102549230775861,2.1090768406806886
328,4685.71427,4090.983756435844,0.4142803735625241,365.3219969082061,1.0277772769567397,1.8907077351381976
329,4699.99999,4300.613037371244,0.3974236940433502,285.61545444454964,1.156881729330249,2.334304456657505
330,4714.28571,4321.726171706783,0.3979877039365864,284.95125136805854,1.1626175342850669,2.3450349580277376
331,4728.57141,4274.471455077586,0.4031983704051877,329.23344632651805,1.081957604987397,2.1136063862129078
332,4742.85713,4322.576648459,0.399878308061574,315.8913126920313,1.1037398347756353,2.1950557580201546
333,4757.14285,4269.2514095605575,0.40852250711412685,388.2044837747,1.0006429119982736,1.8819050290871109
334,4771.42856,4604.030995877151,0.3883100618709219,366.5234249155955,1.0147912872823373,2.121440783928153
335,4785.71428,4419.512255445312,0.39628735761322575,342.67160734978273,1.0556287084924743,2.128321128748547
336,4800.0,4224.799576990088,0.4103798685495264,390.58945364001585,0.9967470227722737,1.8560281098903055
337,4814.2857,4399.318173577242,0.39839100353782514,394.74268020407055,0.9791028001206131,1.9249012060471433
338,4828.57142,3769.9669145080748,0.44144905086723185,421.7553288074541,0.9733866098939215,1.5728191429749157
339,4842.85712,3774.299357984159,0.4404586079905419,445.3798482054049,0.9429084538806554,1.5118624431624719
340,4857.14284,3575.804816303534,0.4552533857819431,441.8977904122028,0.9531638954717359,1.4459642222980673
341,4871.42857,3458.7156574750043,0.4668910447472513,458.40489069238356,0.942147147799627,1.362037302717569
342,4885.71427,3748.5312333139814,0.4437183699990708,435.2640604553074,0.9588393987009628,1.527521219406716
343,4899.99999,3827.8891872203844,0.44254944268803187,491.07160952203407,0.90483819666596,1.4156231285716485
344,4914.28571,4155.998786051359,0.4176079876123345,424.68008460675236,0.9619254058946809,1.7151224797062425
345,4928.57141,4277.0800158026095,0.40732572653057114,339.66286569078915,1.0758384516640762,2.0620798826005715
346,4942.85713,4332.860377311207,0.4048269824342996,362.9531101543306,1.036914702085321,1.9975934799478847
347,4957.14286,4273.053382458037,0.40592319305326274,327.8162313395361,1.093584637065461,2.1091675922545456
348,4971.42856,4212.7773635883495,0.4068389267499119,274.80254131409254,1.202607192054829,2.322491194470159
349,4985.71428,4023.3594051649106,0.4243692934448161,376.00752439156355,1.0304697745650055,1.8117226832715048
350,4999.99998,4127.0464086910515,0.41215357581085554,314.97557682912907,1.116418022947439,2.098552563662755
351,5014.2857,3881.716582423929,0.428913901861916,365.062233296259,1.039261910418474,1.795980754043007
352,5028.57142,4004.538174721939,0.42131198905151485,401.42494199720386,0.9819205138000313,1.7326228050179793
353,5042.85712,3993.1037684862436,0.42743990481848704,479.43218375765605,0.9028697418233339,1.5072787245842827
354,5057.14285,4153.266458894155,0.4175212462062883,480.8096138867543,0.8974046443121673,1.563224197687191
355,5071.42857,4246.0946939721625,0.40996457723063456,416.3842508117397,0.962853786525183,1.7833416243095126
356,5085.71427,4071.9247102702116,0.4229072737361801,433.48108753007983,0.953632506671886,1.656655932841881
357,5099.99999,4202.56051199838,0.41666554763400954,471.32674840088333,0.9113889781791775,1.60224320028964
358,5114.28571,3986.482494841472,0.4285592415716883,425.14883477542395,0.9678425627654462,1.6442179857404913
359,5128.57141,4151.527726110878,0.4142380721670897,347.1007823893164,1.0673323041396108,1.972859929351207
360,5142.85713,4316.9702674892915,0.40119618172893545,273.128649378658,1.2036671239170293,2.384063497165548
361,5157.14286,4025.7977259138347,0.42527722430927284,343.3900336666335,1.087831368959161,1.9228417935562103
362,5171.42856,4148.48804274169,0.41676639989654407,329.1368002072591,1.1069932750460276,2.0345452156269968
363,5185.71428,4169.174316800111,0.40735395180226613,237.60362548334632,1.3033011308835658,2.4982702750872545
364,5199.99998,4210.4791556135,0.4105010227463308,317.9673180495641,1.1183993386733038,2.1155458807820002
365,5214.2857,4274.531021954493,0.40811655878048647,364.7254170438663,1.0365676558266128,1.9631370829805401
366,5228.57142,4533.716984005225,0.3940024304387204,339.83905874257215,1.0681331894753423,2.183677584909642
367,5242.85712,4243.647265068511,0.41044959459038094,341.95310687868243,1.0770924948772038,2.0330098369643577
368,5257.14285,4507.698128364279,0.3933445326963795,282.38668657331084,1.1798159166045288,2.4362415355356353
369,5271.42857,4291.183658290514,0.4081865345354889,314.9052484347796,1.1294720368585294,2.159376325975813
370,5285.71427,4217.4629347260625,0.4081132693233217,197.97111391868802,1.461598012892972,2.759372852573452
371,5299.99999,4126.29377119588,0.42308748307871724,289.7805940262443,1.210127242612377,2.169254214429125
372,5314.28571,4170.758969205228,0.4199532296523981,265.20749175657033,1.2699333788207368,2.3067331582141373
373,5328.57141,4286.961619719468,0.4138217507524415,292.6958908211514,1.1976077719762925,2.233552631751394
374,5342.85714,4610.666972958919,0.3947295334909701,267.17091873203697,1.2410425032837311,2.5327971063984482
375,5357.14284,4706.189936809853,0.39449052107308125,350.2658748841715,1.0753477048395799,2.1876272150435336
376,5371.42856,5002.163563988204,0.37512599445228406,262.7392861818396,1.2295205250352013,2.7930708347462603
377,5385.71428,4547.113522713675,0.402868641790955,377.7358033645538,1.0360720208602134,2.0135373183943264
378,5399.99998,4353.184908926775,0.41101183285595627,368.9272995899644,1.0490556876084782,1.9648508234174482
379,5414.2857,4475.576815255939,0.4000833678636468,344.2325534204669,1.0726973256854906,2.1260970860911237
380,5428.57142,4069.685647108318,0.4273628297968938,391.95901080770307,1.0205878552411598,1.7710829282291083
381,5442.85712,4161.426025169568,0.41908749054556077,381.549697973158,1.026299293752592,1.8469251310826373
382,5457.14285,4225.695873395386,0.41311031680301535,342.59488650554823,1.0812107747921038,2.018990835024127
383,5471.42857,4447.834840755897,0.40194506524633367,370.67189089774485,1.0302746569365084,2.015332204610243
384,5485.71427,4473.31605399899,0.4056570478821361,469.85275199748145,0.9163504754128767,1.7034180010170308
385,5499.99999,4409.8825988762255,0.4151317452968269,539.7751311492558,0.8650549715765412,1.4989601994391055
386,5514.28571,4342.100026059997,0.4207274737971125,537.0621800695388,0.8729249887035888,1.4799163852572395
387,5528.57141,4221.747214897759,0.4324175618718505,604.9155291163812,0.8312252197532417,1.2989251353548525
388,5542.85714,3861.778383686898,0.4570406427035546,537.1999872560385,0.8960222172901381,1.316958149886254
389,5557.14284,3465.4589920729213,0.4905221873522325,522.7913778368252,0.9234898388188764,1.218697708307415
390,5571.42856,3220.6329604392176,0.5127444621298332,494.59922487483504,0.9578443549226107,1.1949338819983153
391,5585.71428,2955.677661606014,0.5399002731524635,439.5449436140921,1.028890066388237,1.2197339414067487
392,5599.99998,2700.2658943850893,0.5713748206236745,424.31616992391815,1.0574292686574416,1.1628229239318537
393,5614.2857,2066.2806660416372,0.7062196179226908,557.9303392416741,0.9563971556576598,0.7279007145637214
394,5628.57143,1837.7990379062269,0.7708110197281717,511.7892821408035,1.0226626406622623,0.7118456187234257
395,5642.85713,5270.907126701799,0.3803274534498282,428.67785820048823,0.9772176855473306,2.1255808013661026
396,5657.14285,5601.005909213758,0.37040390331997275,481.05390778047916,0.9186318271269461,2.087859255063057
397,5671.42857,6644.011360817402,0.3349333078219114,476.98707392515547,0.8939678779932172,2.618790320551738
398,5685.71427,6943.735101787608,0.32899902006704135,498.8820279434134,0.8733922701333169,2.6816242335890768
399,5699.99999,7021.730139474497,0.3270410461444902,486.7346560714128,0.8834193010753625,2.773781167734762
400,5714.28569,6442.8525269791735,0.342022232552282,453.843460814844,0.9272617955545169,2.586662660493135
401,5728.57141,5879.796619449075,0.3595103145183653,433.2487901614276,0.9633183877440923,2.379374249876019
402,5742.85714,3032.1798382500865,0.5741661094830914,671.0403580689969,0.8769407905981936,0.8656020417554049
403,5757.14284,3169.1161102119163,0.5474730332806494,583.5791494662876,0.9253407931050155,1.0225496577505675
404,5771.42856,3316.0397620556396,0.5262385692745417,550.3804869539451,0.9419109812535089,1.118856858712235
405,5785.71428,3315.7935092915914,0.5241027736532149,521.5153919166343,0.9665732616381114,1.1699488796026178
406,5799.99998,3529.8409538129417,0.5004994645649897,493.8196831758322,0.9837491694645643,1.2908911904507956
407,5814.2857,5444.9517095034835,0.37616355392365824,419.49341466536697,0.9934253200915479,2.2228431408805314
408,5828.57143,4494.614329109411,0.43531594025922826,572.233040860298,0.8917777432869655,1.4318605554162034
409,5842.85713,6333.056123460984,0.35057482661785233,564.0499265399552,0.8430991712286298,2.1284682080602675
410,5857.14285,7623.323013000893,0.31493858418537873,639.6629628739715,0.7620948654100443,2.536979560753678
411,5871.42857,7870.172750005383,0.30766121773480454,562.639136589074,0.8031689409510194,3.0043374729909145
412,5885.71427,7542.6644229213825,0.31464543321094024,517.9393894424043,0.8448045720563289,2.96792541222391
413,5899.99999,7063.7880820071605,0.32715365416141934,500.50062482480996,0.8735105504173608,2.7302767572435207
414,5914.28569,6542.928449234537,0.3382402801659368,408.9536749899658,0.9753183280507658,2.8377920703824877
415,5928.57142,5619.1788089595975,0.3695858289515065,446.5387306640837,0.956281543239474,2.2063411995360567
416,5942.85714,5223.1359641567915,0.3796128997174873,339.2254085104257,1.1052810888222357,2.4561627367044028
417,5957.14284,4833.223657726236,0.3985748896431808,370.2983473090811,1.069089465893196,2.1400499787597638
418,5971.42856,4667.175387065574,0.41071406442765507,435.39632030233463,0.9921638810062869,1.8452440824906562
419,5985.71428,4890.762948583197,0.3960253731610517,366.1879829637584,1.0745385251766109,2.1809804499626293
420,5999.99998,5009.9707167367205,0.39715494425052134,475.8279654087355,0.9445943392628894,1.8550806287789496
421,6014.2857,5583.39172080713,0.37415585071112745,505.4597764051023,0.9035996949079149,1.9949688194824455
422,6028.57143,6801.872564041684,0.3321978072749399,507.7524095373912,0.8665527290280765,2.5739923996324627
423,6042.85713,7350.007960632292,0.3216696777731781,627.524891205593,0.775507804264609,2.4255740393617717
424,6057.14285,7735.637615510692,0.31334621051718087,647.4665709908754,0.7580898936326264,2.563984158589168
425,6071.42855,7500.486072852403,0.3182458114372358,595.4566878653758,0.7944708494711487,2.612173495602486
426,6085.71427,6869.109822866826,0.33125464090163714,471.8425167485855,0.902324199181587,2.741952069978167
427,6099.99999,5700.3351642537,0.37175235419203545,532.762378390935,0.8813804939866315,1.9574855134928921
428,6114.28569,4983.1213319702865,0.40017291880239675,478.9087321912065,0.9464344837372499,1.8327946187246262
429,6128.57142,4715.518844461858,0.4069335458669864,399.4979139652149,1.0356873102914015,1.97992047215306
430,6142.85714,4584.917776271204,0.40958399029177767,352.38024785269124,1.1026916357826353,2.1000403926581255
431,6157.14284,4582.846106098957,0.41389394486101705,439.1107530466255,0.9862565244116076,1.8043041467733045
432,6171.42856,5096.192493536717,0.38651940307752125,412.78060157298626,0.9986792166499388,2.1070074579868434
433,6185.71428,5538.120668994113,0.37041049176530755,448.298351745536,0.9489934182794377,2.175626758796087
434,6199.99998,6436.654134450824,0.3423865819548769,519.0536205490863,0.8635162461939451,2.348253480461004
435,6214.28571,4654.33931997996,0.43036245301405185,710.527891344119,0.7993020842128927,1.2301628170299088
436,6228.57143,7294.337377863038,0.32227970037357245,612.1921415509759,0.7840517510305778,2.4548715828606396
437,6242.85713,5984.937808896217,0.3663655120547157,700.1848636822159,0.7696372204951288,1.6472347203754194
438,6257.14285,5179.885614115805,0.39544040510075107,591.7851463344476,0.8499774176864561,1.6161570671181302
439,6271.42855,4855.784052250834,0.40649574511410763,502.77041689850944,0.9250049079122734,1.7221067319233647
440,6285.71427,4561.481259273099,0.4180326096729211,444.1852040063116,0.9882076837823809,1.7767891970944623
441,6299.99999,4010.2108937486255,0.45260415292759076,430.3078445754223,1.0242071482052801,1.6084506278234614
442,6314.2857,4025.5211639357713,0.44660817600063796,365.5907934152139,1.109346171145726,1.8098186780870191
443,6328.57142,4307.218995956895,0.43363294217284104,459.1865651918788,0.9799987904835344,1.6395705796071725
444,6342.85714,4780.505857082305,0.406223493014187,438.63456949312217,0.9881956475540129,1.8784105332337764
445,6357.14284,5175.401414106544,0.3880407855204777,440.23971523569855,0.9764271546005397,2.0333595541301825
446,6371.42856,6537.112918191636,0.3366223720751295,408.5045301122186,0.9692966872742191,2.856941559241398
447,6385.71428,6819.104684247494,0.3325321802339359,561.4275371364287,0.8237392658274534,2.3906991389781274
448,6399.99998,7199.406830610327,0.3195899813081129,492.40865443417215,0.8636537771111716,2.9011248094401605
449,6414.28571,7061.694454597128,0.3222967312245219,518.7070164211165,0.8408689282681181,2.718293276388068
450,6428.57141,6456.83450905012,0.3364978195623835,419.2039955041755,0.9490424763857004,2.7879250119080043
451,6442.85713,5396.163159668994,0.3754773800235239,452.76877390770954,0.9457806647990402,2.100577510360662
452,6457.14285,4360.716584203294,0.42672345894566605,409.92570423680223,1.032050271129791,1.8038400937320893
453,6471.42855,4351.621664353165,0.4222232824101755,376.4533937081397,1.0694409917478687,1.913837184057675
454,6485.71427,4473.907144402348,0.4176061052948784,409.7255290070883,1.0221204044895993,1.8532256386851185
455,6500.0,4558.600937222845,0.4149892202073596,428.9411198749865,0.9992236793870775,1.8251920089744074
456,6514.2857,4816.534066867763,0.4008001521856352,429.16996447296725,0.9891438805970181,1.9299296128872978
457,6528.57142,5870.968909128535,0.3543444159389822,404.8476718892534,0.9812823561168404,2.520170894140615
458,6542.85714,5729.811042712489,0.36579557254821965,480.04764410106037,0.9172661911538725,2.1458452385978877
459,6557.14284,6495.424871788584,0.3419641830144349,540.9014243569185,0.8474942142291821,2.2964769868549872
460,6571.42856,6449.220634131156,0.3444086051327743,577.8317300153425,0.8224724012567226,2.155237160412934
461,6585.71428,6091.034531293162,0.35444023666667895,559.5566935957002,0.8404262729168909,2.058011930381529
462,6599.99999,6117.778927871774,0.3488162184857556,455.8873423912545,0.9221469278847461,2.4337557898836297
463,6614.28571,5320.542285873072,0.37724821640467426,394.71122544107664,1.0179852305738348,2.2733838701356306
464,6628.57141,4738.303988402386,0.4038863634432758,400.475404788042,1.0281925712416131,1.9907243806950576
465,6642.85713,4504.649801958287,0.41552392441425173,386.3765928206747,1.0541775624866705,1.9415115520463242
466,6657.14285,4411.257403438002,0.4229381089653168,431.65923621580265,0.9994341378066867,1.7599783537287752
467,6671.42855,4560.678289184332,0.4126462717814431,415.23683049420464,1.0115981697312115,1.8710145635985642
468,6685.71427,4753.268366090548,0.4004346530855737,345.43731231978495,1.1070700121078236,2.206896212905632
469,6700.0,5257.828619770747,0.383495814826966,470.0151073395664,0.9368202618061349,1.9796879594018764
470,6714.2857,5961.8121981537215,0.35851069078698916,528.6243841490107,0.8679985352002697,2.0950928774856044
471,6728.57142,6511.238744975092,0.33925038184128653,485.8285730805662,0.8895283393923279,2.511652140797809
472,6742.85714,6967.170926366194,0.3266150406140633,514.7215371482495,0.8528173230347887,2.6536401820070745
473,6757.14284,6732.838123660015,0.3333806369175015,514.7998960104621,0.859490394149453,2.51758566400519
474,6771.42856,6515.843198586036,0.33887415561319945,448.27821377806447,0.9279523286563122,2.659583894291016
475,6785.71426,5552.9333557176615,0.37467452856980205,495.29374105512727,0.912296448992548,2.015085116984626
476,6799.99999,5016.407966874953,0.39741882377952326,511.1850134136425,0.9096201872013807,1.761028370796753
477,6814.28571,4724.472228367922,0.40886175551288684,454.28887795836675,0.9699659056858204,1.8119939693157543
478,6828.57141,4714.804680251508,0.402227070073368,349.6774199751037,1.1009556020537374,2.171269481692562
479,6842.85713,4209.254003974633,0.43767830077708936,419.0739113812427,1.0284554012414155,1.7161235122580774
480,6857.14285,4533.323331580116,0.4193190000802457,464.6628587259248,0.9638806404920054,1.710559837325249
481,6871.42855,4365.84419678479,0.43176078709646387,458.37537586966204,0.9825708333199641,1.6626393293503186
482,6885.71428,5371.721295173453,0.37984462158117266,477.69775991760275,0.9287105217171423,2.0005474633911957
483,6900.0,6311.419202852692,0.34817108681014874,548.6532581123209,0.8466329265037011,2.1839344239457
484,6914.2857,6654.742115620392,0.33800786476639677,540.0402516001141,0.84676171906477,2.37284697908912
485,6928.57142,6569.645523622914,0.34558678120824937,639.9097337077934,0.7903001203502,2.0100813552147923
486,6942.85714,5790.5372453732225,0.37400885193536454,644.9763760978319,0.8081298325822747,1.6989054877907368
487,6957.14284,6176.9083527929715,0.35047174557710237,479.0486787335477,0.9076876011689383,2.3562014013701726
488,6971.42856,5682.2040700228235,0.3671691096931495,475.9798391579523,0.9214977865294811,2.13968382849065
489,6985.71427,4837.208480265469,0.4049862182770781,472.2070932540817,0.951161738107392,1.8017437226899575
490,6999.99999,4517.578243610888,0.4218124357071116,479.13262081033616,0.9520870353896785,1.6646972178179482
491,7014.28571,4615.8077059806155,0.4107934544708859,410.88512680259726,1.018239511217849,1.9065804328951539
492,7028.57141,4392.159722867237,0.42193734371088315,402.0307211961996,1.0341676948759222,1.846085612507123
493,7042.85713,4631.865100776989,0.4037108726075609,359.25572304706515,1.0785753910077576,2.105277000980914
494,7057.14285,4830.0200732044095,0.39911069584905057,451.14861880518237,0.9587881888991353,1.8722148982476405
495,7071.42855,5329.605411947835,0.37677558387244664,463.7305802482698,0.9309807642403664,2.042669825099295
496,7085.71428,5863.203843423917,0.35865616373655773,517.8224750569328,0.8704322418716329,2.0998935615706578
497,7100.0,6793.497524052032,0.3280562906594465,512.6247646817229,0.8478960380352236,2.5981649582598734
498,7114.2857,6710.176491102192,0.3339041431894829,622.0319735878575,0.7782198153299015,2.1648181506444937
499,7128.57142,6881.96607244955,0.3262869292026446,531.0654790692679,0.8320912110803476,2.5754256620828486
500,7142.85712,6070.559259903474,0.35364390505377624,609.1643614647386,0.7999082949879632,1.9225730756652737
501,7157.14284,5476.27452739502,0.3708979938029475,479.3598701508349,0.9105582830247244,2.057946645821415
502,7171.42857,4985.778666438859,0.3899908173519643,448.9421881950802,0.9519359771275127,1.9482024454663245
503,7185.71427,4537.250098963367,0.41272116577321266,454.74189252546904,0.9582663567066595,1.7512199258804364
504,7199.99999,4494.135066136936,0.41006501370320264,414.5286706179319,0.9967321843493412,1.8609918296859236
505,7214.28571,4246.700792313732,0.4279060451420619,448.9921911092481,0.969325637095966,1.6590238809322355
506,7228.57141,4448.152520385117,0.4158906082609363,435.3351549291474,0.9794389669732476,1.775221718527092
507,7242.85713,4682.687578381479,0.404402345162964,440.1242062046389,0.9693999926124159,1.8531534360947621
508,7257.14285,5106.934053412205,0.38899899180175196,528.2094511012479,0.879733469650939,1.7628801077898921
509,7271.42856,6095.786972830344,0.34895971957378924,521.0904285133241,0.8568131065705561,2.2056728945134667
510,7285.71428,6511.0373878950695,0.33733715320122937,563.474424189795,0.8166340578135527,2.263224730704132
511,7300.0,6863.993363653369,0.32902105882042615,629.9516819325852,0.7681155790038731,2.221099786951989
512,7314.2857,6640.221499176159,0.334733329562501,587.7420315483547,0.7993279296033491,2.2432202981833567
513,7328.57142,6539.7363403196605,0.33782188604837304,613.3755420509941,0.7844815267242458,2.118048595392132
514,7342.85712,5914.114009170701,0.3544622075009068,495.5331370720459,0.8826185968856055,2.2062345142327096
515,7357.14284,5336.525712919282,0.37493409699046215,450.00685705774237,0.9413175432765051,2.09652832943724
516,7371.42857,4581.930464745984,0.41496853920039434,502.74432888178825,0.9173022861256284,1.6339819442048196
517,7385.71427,4555.44370332795,0.4094360081105477,403.35412975551907,1.0176105279804712,1.916128426560095
518,7399.99999,4194.846785149925,0.43223389821887076,413.2934585973574,1.0199377526593878,1.7372147196935528
519,7414.28571,4672.49604236616,0.4030056203584653,391.74447536357167,1.0293305679190687,2.0063807833110276
520,7428.57141,4689.0883704057305,0.40526327867875733,408.76068504491184,1.0134542496392898,1.9495036845076104
521,7442.85713,5163.613361403508,0.3849483560741843,453.8232773825416,0.9496673556350189,1.9992511041799432
522,7457.14286,5594.213423126387,0.37100932924878594,553.435964472248,0.8529105677082889,1.8769171767000916
523,7471.42856,6511.421715459045,0.33652647233519417,519.0647228240514,0.8503768944131719,2.4154062097373177
524,7485.71428,6935.788815283041,0.3241560726819242,505.0321124358204,0.850930155400976,2.7130617241823614
525,7499.99998,6544.867776597081,0.33831671296956833,577.9620239439329,0.8108215425866458,2.2210725649859757
526,7514.2857,6172.95809043647,0.3511894802362232,606.4193995066667,0.8021723971280588,1.9675874024921582
527,7528.57142,5650.6436668951255,0.3681760562107442,555.1450273790127,0.8481329973108809,1.898101353477654
528,7542.85712,5038.345511351086,0.39337057317875224,556.2978284111186,0.8605799777380168,1.6647984162295828
529,7557.14285,4551.131266684622,0.41209317968717524,426.527642815351,0.9924903550871627,1.8388595353275996
530,7571.42857,4296.961688951208,0.42889375445324235,487.1035607341497,0.935010186290766,1.574296861937226
531,7585.71427,4264.124346132398,0.42998828145830403,496.27146624520145,0.9243143440880024,1.5414541849218084
532,7599.99999,4310.559196689687,0.4248659543147982,451.6531084472285,0.9664996161711099,1.6743577417356068
533,7614.28571,4577.255691196592,0.4104425141144407,433.53715822610235,0.9824460460763367,1.828054464201812
534,7628.57141,5229.292717925905,0.38326887631105555,511.59178098791233,0.8911853549683284,1.854501604466985
535,7642.85713,5440.44092224606,0.37830071937170534,560.5719757629688,0.8536032729409359,1.7963199138482087
536,7657.14286,6034.473292172197,0.35615124962513917,585.1047404641389,0.8213449229543264,1.9654778914747746
537,7671.42856,442.779055820562,2.1480809395473033,359.70240416135005,0.3814860777493011,0.16667675441434007
538,7685.71428,473.66370365332267,2.0577488612633315,378.6019902655802,0.36669086472599055,0.1666756973003083
539,7699.99998,6454.974179030171,0.33948808007032344,500.0321798896192,0.8727310677686522,2.4427303717106637
540,7714.2857,6114.566611630381,0.35208180683125373,567.0124725322498,0.8293909362643471,2.055906123398361
541,7728.57142,5614.090579350543,0.36714573868026146,466.40535231182986,0.9252973532795535,2.1534974798296096
542,7742.85712,5042.320008975834,0.39032798224423737,445.9248198508008,0.9620864331515154,1.97298909874808
543,7757.14285,4652.795149734875,0.4108918518408273,477.55603396959657,0.9409819946345891,1.7246476020163666
544,7771.42857,4492.748928328469,0.41282611631741595,374.090010224384,1.062856040726747,1.9889501950261876
545,7785.71427,4072.7174227018854,0.44505487414824213,481.1790128620963,0.9520660630069054,1.5078571302994357
546,7799.99999,4194.676430637106,0.43290745056836594,414.20815903453064,1.0198467468786823,1.7347007508598205
547,7814.28571,4506.8718187891,0.41667045398675523,470.8887551877475,0.9466258676742766,1.6920108073230404
548,7828.57141,4800.174118715577,0.4033856728368442,486.3662446178353,0.9274985479180031,1.757393666270554
549,7842.85714,5320.380128161115,0.38246618951484057,553.9050065811031,0.859613671271232,1.7707518668155056
550,7857.14284,5820.542553976421,0.3645505176671073,581.7490016335306,0.8305969548491834,1.886153948057553
551,7871.42856,6161.88457176931,0.3548251590538941,643.9617693916871,0.786174541656555,1.854254504901002
552,7885.71428,6690.152442224354,0.3356364701828578,557.5205885852693,0.8277164587565509,2.344625543298859
553,7899.99998,6723.11359058714,0.33672289928134935,617.2995471690535,0.789859243475197,2.1640336061222953
554,7914.2857,6383.673167506552,0.3431518472988422,528.2061177039097,0.8540404311426587,2.2989526261041022
555,7928.57142,5556.974136321645,0.37370580195154524,560.9336139468912,0.8508546028554131,1.8393261983944478
556,7942.85712,5290.732941040247,0.38259832776971414,512.0272543151775,0.894286055175406,1.8726787328583068
557,7957.14285,4716.343252603875,0.4097307121614435,492.6136916726252,0.9283559108942113,1.706315367864998
558,7971.42857,4497.9056225604945,0.4169900534691936,431.94461750563306,0.9926189624462921,1.7973901237828211
559,7985.71427,4319.815827112305,0.4250215372269474,401.5655100447723,1.0333574653697701,1.8219471796564537
560,7999.99999,4413.54318917708,0.4210140664129546,416.798467310758,1.0128915020618654,1.8108238081296644
561,8014.28571,4380.461482840712,0.4238030785467588,420.247691060645,1.0117910422039673,1.7855027932069327
562,8028.57141,4675.7908056174465,0.4101122313595618,473.3379766674005,0.9455806006553157,1.7450246561638043
563,8042.85714,5384.825922672763,0.37616802633868524,485.6677288428301,0.9110233900786865,1.9936569924738148
564,8057.14284,5857.917395732678,0.35885975630087086,513.2585169820513,0.8746223545377473,2.11193409328212
565,8071.42856,6237.650644719751,0.3496741789365639,644.1859145330762,0.7778445818513985,1.8928836358518386
566,8085.71428,6785.783458862489,0.33009343200020574,526.693909033446,0.8419045722850476,2.523548450930424
567,8099.99998,6603.79170085232,0.33607161502578536,533.1717108269776,0.843375137237568,2.395587287193067
568,8114.2857,6320.148615181538,0.34654184512479336,557.1323984208072,0.8357036317252853,2.1701396833737445
569,8128.57143,5856.667838955333,0.36192641683846105,539.5414345506776,0.8602232513617226,2.0195839533434663
570,8142.85713,5113.622145596094,0.3922780065630834,541.1232453618876,0.8775826215602829,1.7238318069805838
571,8157.14285,4675.258057886365,0.40934822557021233,473.0680610150417,0.9444469237914505,1.7454603731568696
572,8171.42857,4511.222881752954,0.4146504363166421,425.45237547251264,0.9964763565212449,1.8244063328057214
573,8185.71427,4138.930797504812,0.4395214696696818,464.48492113292866,0.9661795615099504,1.573114149580938
574,8199.99999,3953.5539557888433,0.4522293486525167,457.62344286495534,0.9800479795486096,1.5240927365393881
575,8214.28569,4272.815557244725,0.4284061899000669,444.45179291791004,0.9794326385223627,1.6779805353778228
576,8228.57141,4337.673174651923,0.42538551509750105,434.8238873835248,0.9916324042459778,1.7282704470521424
577,8242.85714,4985.461476900917,0.39531607213970876,521.0995293892943,0.8914414457941751,1.7330051076714619
578,8257.14284,5338.967205231031,0.3817943995193791,507.5378691758827,0.900656768043378,1.9007222828508166
579,8271.42856,5820.205918569458,0.36170401865129026,463.0857022367886,0.9295602831622409,2.2511714600826895
580,8285.71428,6351.802649043631,0.3442904802188742,513.9541751679627,0.8677588293127028,2.329413713499409
581,8299.99998,6479.215956710409,0.34376328056737954,603.786873627928,0.8038839153009731,2.0928105157955024
582,8314.2857,6366.374657768406,0.34507337666523247,496.1789492577908,0.8875138287694114,2.3895772244110027
583,8328.57143,6245.668317798902,0.34836790054458566,515.8531186871415,0.8708107892194391,2.266920136911977
584,8342.85713,5287.168331719278,0.3857429451965853,526.8201175112779,0.8889175841779718,1.822519136770841
585,8357.14285,5253.3829510937085,0.37990778593894925,448.8707745288574,0.9499206385690329,2.055867895840009
586,8371.42857,4365.317603331809,0.4259963768002993,463.07881462396494,0.9626781428345436,1.6578666737599752
587,8385.71427,4287.397017616047,0.4292098875167757,462.94314822374366,0.9614991598982584,1.6314979034800194
588,8399.99999,4051.8606556617515,0.4401992717384178,378.68527737531366,1.0724698402001858,1.7883512273466469
589,8414.28569,4040.0164779319807,0.43982610019420504,390.99561930643944,1.0511215739247188,1.7459638800139394
590,8428.57142,3980.9396631810614,0.44506921240795877,421.0312872951596,1.0130215658785207,1.6348722345547786
591,8442.85714,4215.111818938584,0.4287546146422711,433.30463355890987,0.9862627839045126,1.692865632366767
592,8457.14284,4569.867557715191,0.40845921617810443,482.16488683141506,0.9205671604964067,1.6942979186453528
593,8471.42856,5229.709232935519,0.3772453110422827,491.2065567246154,0.8941987648127133,1.9314596022680952
594,8485.71428,6151.814362454559,0.3439237111871796,513.480782693552,0.8521061899608899,2.280570270833356
595,8499.99998,5757.488697807858,0.3653861708874221,662.9660715230553,0.7730640290937248,1.674974596826313
596,8514.2857,6236.581349609399,0.34336776669914565,574.0808807947469,0.8076499745799851,2.1175462920395387
597,8528.57143,5817.820224177345,0.3618264962343435,670.9889661689133,0.7641954844454145,1.6810058444560125
598,8542.85713,6039.192324600135,0.35420293276054887,695.4214108017612,0.7461636968555165,1.7071422155964193
599,8557.14285,5211.720984609831,0.386865256504882,680.3511796577477,0.772877230921261,1.4574429873361132
600,8571.42855,5032.151710353261,0.38594964636638174,502.7749896441375,0.8876925475038826,1.8197216662824813
601,8585.71427,4447.635160334708,0.4192062743055515,557.2199838807866,0.8629646010629102,1.467429250875578
602,8599.99999,4265.282955943521,0.42419799972323946,446.43575188230636,0.9647158326289663,1.6782034577224163
603,8614.28569,4053.391343923723,0.43530390788524886,411.3231680863847,1.0108586104976018,1.6978676482503727
604,8628.57142,3870.769533835101,0.45035810454924097,433.6005859207549,0.9933427604085788,1.5636337089142565
605,8642.85714,3861.4201817563194,0.454810493771703,508.0168612976907,0.9188102143094882,1.3792128696073687
606,8657.14284,4304.872917910965,0.425330503580568,507.90589552071464,0.9059584209199459,1.531884802251371
607,8671.42856,4761.509338636216,0.40235901230954263,559.8220514751379,0.853376223886416,1.5678215851282622
608,8685.71428,5181.551487302546,0.3797220200310902,484.44446550966273,0.9030848291892977,1.930779753215572
609,8699.99998,5783.226188807926,0.35543260696569173,476.3309892049944,0.8933323035049197,2.2304518560854603
610,8714.28571,6309.401745667826,0.3405162537212112,571.7084531857964,0.8061733289274771,2.162147706867356
611,8728.57143,6504.110408659339,0.33590032813408327,563.6226711511908,0.8114418373027995,2.2740901012617534
612,8742.85713,6205.448094060787,0.34882809452590174,635.6812209613017,0.7783395781166197,1.9124912718516562
613,8757.14285,5984.3900343222795,0.35158191218723767,512.2701411935496,0.8636892265282438,2.1896293374348152
614,8771.42855,5300.896605216182,0.37623354816497906,500.4952947529997,0.8889338921435302,1.927227177362471
615,8785.71427,5129.155561857238,0.3822814954004861,519.3300533629764,0.8724198315358085,1.808774895176746
616,8799.99999,4642.566897956826,0.408206768156891,523.144868258705,0.8871937382786137,1.6125174715058772
617,8814.2857,4171.8165993873645,0.43145340113939956,424.20542745841067,0.9993826240481579,1.701794930510656
618,8828.57142,4104.519256354817,0.4364438729543733,463.88792481969284,0.9550928973815986,1.5681936278313298
619,8842.85714,3780.852276779299,0.46016101572410634,458.66207283168546,0.9729422946999494,1.4649207683264651
620,8857.14284,3932.1006858863097,0.44530614609649716,441.1786147354926,0.9805070511622136,1.5665860915205045
621,8871.42856,4049.1896158258505,0.43714510872190054,434.9242984588211,0.9838005146044624,1.6280174659989877
622,8885.71428,4336.307712653344,0.42187359039151945,480.6126488065099,0.9291922257161535,1.611416611382466
623,8899.99998,4654.9910979600245,0.40665464765194925,507.2442464486583,0.8995227668064759,1.6578584124563291
624,8914.28571,5308.056025414311,0.37661887415095574,541.7767041171255,0.853344507763061,1.8152228516397353
625,8928.57141,5802.303493466461,0.35809296978940114,585.8777184641858,0.8092169353439831,1.8942021014546537
626,8942.85713,6158.652483004891,0.34531904135998875,571.0450096864962,0.8102575182259755,2.0929899711822686
627,8957.14285,6211.16347884544,0.3428511569533599,534.1790211838485,0.8356715965860029,2.2357963458034944
628,8971.42855,6353.090785212418,0.3387176068482588,573.28140134754,0.802916143536185,2.180225628387935
629,8985.71427,5830.837413946458,0.3550341781266958,534.3700840729123,0.8428719782759911,2.060539449488033
630,9000.0,5472.657384124238,0.3671246046256555,509.0577400498567,0.8704160565116452,1.9832179306722675
631,9014.2857,4938.8631003290675,0.39127916047992267,522.1870136942488,0.8753345665868587,1.7275188182017214
632,9028.57142,4359.239711268154,0.4217537739160769,481.37403029189824,0.9304038746946354,1.6169562773949004
633,9042.85714,4190.947251707211,0.42954517796724134,454.8115674678743,0.9588614294330089,1.6267589500797925
634,9057.14284,3658.4168215324657,0.46975643219274865,480.78395889015746,0.9514834760959419,1.371501009946146
635,9071.42856,3973.192923280727,0.4398273516228494,413.0460728846917,1.0086888883966942,1.6632087258048125
636,9085.71428,3532.5807454070364,0.4794580975501729,459.5993518524364,0.9780589069105335,1.3764854410230598
637,9099.99999,3761.4017305442744,0.45967414420514124,463.41951980469577,0.963347351186763,1.4484882618268702
638,9114.28571,4313.129108010559,0.4203423280342637,467.3839482585962,0.9369764966379129,1.6411792441088833
639,9128.57141,4461.166251654164,0.4138745376651834,493.69891208244445,0.9100585141921931,1.625761771955867
640,9142.85713,4795.5186825915525,0.3963932156467984,513.9090795628973,0.8820787395512578,1.6982409401809135
641,9157.14285,5174.406126169932,0.3822463183139556,579.2666709942251,0.8264396489253271,1.6714124002124373
642,9171.42855,5536.38844231949,0.3672866687446581,555.099779452712,0.8362421837953686,1.8727512676871159
643,9185.71427,5804.142458438354,0.356012365134,552.4944278203183,0.828659526179554,1.9966673098718706
644,9200.0,6113.07439147307,0.3445557065225615,560.7534581076511,0.812553224196274,2.116143320001333
645,9214.2857,5937.676805257214,0.351125001435313,588.6009696111073,0.798051669602544,1.954245038243192
646,9228.57142,5526.888679926536,0.3664205357278291,584.3001995281393,0.8112856703785463,1.795834987896498
647,9242.85714,5156.328334666091,0.3800417556884181,544.0201337980332,0.8471361829032334,1.759168498618041
648,9257.14284,4485.509070370333,0.41318941482700755,524.743658249629,0.8813163107865023,1.5581483613776268
649,9271.42856,4240.561771442892,0.42703406673806477,510.88358267172123,0.8997430938785579,1.5048646146189586
650,9285.71426,4169.25465724294,0.4311194442193944,506.72791171418913,0.9048453430300398,1.4900895001785126
651,9299.99999,3739.934708255678,0.4603607052060182,472.1979878403464,0.952162920875732,1.4206069353772033
652,9314.28571,3942.7121655421015,0.4397446941000663,403.090970729214,1.0185545654748511,1.6818535248075226
653,9328.57141,4036.1919423991867,0.4323531062400849,353.0650005622243,1.0903107645212746,1.8836419881928579
654,9342.85713,3923.779728590355,0.45008728650965657,461.48343438623607,0.9657689528620316,1.509167001988174
655,9357.14285,4131.09134721268,0.43576315594380044,487.00014882208006,0.9310561938126483,1.5206578404604147
656,9371.42855,4271.272467628008,0.4286330182766601,505.8682718778222,0.9117139301632752,1.5236971130421504
657,9385.71428,5065.534488001798,0.3844361900262447,503.6671152272801,0.8865458800033874,1.828693032873476
658,9400.0,5257.54007275309,0.380835937075511,574.3375097468365,0.8336208518573005,1.708734122190963
659,9414.2857,5665.705974851923,0.3657294839868612,628.4427123478847,0.789388734730968,1.7274889130402618
660,9428.57142,5606.669989515819,0.36478943318029716,571.5909425456996,0.8227632126126762,1.8548343201189685
661,9442.85714,5220.101050324753,0.3828481037439342,636.3688379137205,0.7919398022985541,1.5535915009472128
662,9457.14284,5289.909575611906,0.3750013134416477,556.4114054210288,0.8358783288166336,1.7761358471256246
663,9471.42856,5140.291476133898,0.37688455756394074,447.27002419962344,0.9309114311839509,2.043696980944965
664,9485.71427,4480.483684133335,0.414597233806733,521.6625034777218,0.8868420743565257,1.5622944457491637
665,9499.99999,4330.394715436141,0.4166681857232946,413.8745288812564,0.993964973478522,1.8051255577923595
666,9514.28571,3924.088536839402,0.4468552458242595,485.21208225935476,0.9322808799239892,1.4550399141287378
667,9528.57141,3795.9915415436494,0.4510986675985515,415.47939604589203,1.0082614246259847,1.5891107491528884
668,9542.85713,3755.291839984929,0.45491324705356806,434.4461647562657,0.986547057343278,1.5224557561659926
669,9557.14285,3864.575545975609,0.44914310539651375,486.5591593134912,0.9282499073772356,1.4327532618828966
670,9571.42855,3849.702720423079,0.44995731072354317,488.4232031890409,0.9261329448270973,1.423562680148663
671,9585.71428,4317.070915206233,0.41649761451436185,455.0868731922361,0.9408007073732225,1.6831156367823743
672,9600.0,4863.670062230929,0.39055513601874736,549.4896643156801,0.8427703081646851,1.6412936021001148
673,9614.2857,5115.822042323796,0.3824297896912709,630.3018537041472,0.78631779401938,1.5410516453722243
674,9628.57142,5641.801733201651,0.3584252761400371,562.1142448124928,0.815474961556145,1.9150113183154551
675,9642.85712,5805.172639424653,0.35501346545833556,632.5398187629775,0.7698510117133001,1.7887260416627182
676,9657.14284,5858.623480681129,0.3533928805518257,603.3553545498864,0.7880693616905042,1.8848270365587654
677,9671.42857,5756.2872323440215,0.35862847783536234,644.731472858555,0.7678491914522524,1.7348199048435373
678,9685.71427,5785.547619084091,0.355693955048228,592.3416609292285,0.7966484756084634,1.884124847524474
679,9699.99999,5603.228456427561,0.3584985139957325,496.46201029444296,0.8679085188490758,2.0983857541834947
680,9714.28571,5226.3794731980115,0.3752274972655188,522.4760980273287,0.858953917689074,1.849937673697636
681,9728.57141,4829.475462025278,0.39206988106459667,485.8671622850435,0.9007783366857834,1.7939621613460774
682,9742.85713,4566.637256660512,0.40512773197540636,493.0255595087934,0.9001480768595634,1.6726824808890774
683,9757.14285,4112.911518276202,0.4343583725840062,518.5791952634215,0.8939429866575851,1.4447464479376049
684,9771.42856,3634.8713430030334,0.46978912588988386,521.555839971952,0.9064435555410555,1.278689316701502
685,9785.71428,3822.27570282608,0.4480058398168511,463.26617214528574,0.9452385268234644,1.4766670620354074
686,9800.0,3641.2103588230993,0.4645290537197278,477.2411121244474,0.9413441393598707,1.3778828956364622
687,9814.2857,3633.184437617108,0.4615555044809541,430.57072890849804,0.9884208234838044,1.4905238580299822
688,9828.57142,3850.9804115398942,0.4423889667781088,420.4212572320806,0.9874485152247895,1.6033737142295954
689,9842.85712,3989.931687064775,0.4358982434766499,475.97684077046284,0.9247627514577822,1.5078116408561113
690,9857.14284,4136.268396778201,0.42906834225981266,532.4604503988282,0.8721686995559276,1.4257297011212977
691,9871.42857,4556.00645129716,0.4026556055246868,541.850225261875,0.8487615112164613,1.5530254693373207
692,9885.71427,4858.368154343209,0.3890127639260777,540.7409621307831,0.8454298944902737,1.6653063270627455
693,9899.99999,5124.31945603551,0.38220750214584065,632.0498739278987,0.785003900982318,1.5410674298016056
694,9914.28571,5298.372037293172,0.37480035730776323,653.26699307477,0.7682626706746646,1.5552230205663231
695,9928.57141,5621.363288907857,0.35732664951718396,581.2068070723544,0.7969729588572335,1.8619009360788794
696,9942.85713,5589.067302574984,0.360072364733757,612.9180709225832,0.7796129371627546,1.7632255174835414
697,9957.14286,5675.743628373205,0.3523629518001681,526.2972523994605,0.8298019500312088,2.0567051187628524
698,9971.42857,5247.524384799204,0.367473164515785,492.9481839803212,0.8664085894671565,1.9688041480908967
699,9985.71428,4777.988705012609,0.394603888979961,598.8192858532921,0.8068641713840463,1.4991776218944382
700,10000.0,4620.0028818203655,0.3990840352323492,519.231128856253,0.8656940834119436,1.6328419043221367
701,10014.28571,4223.260977461367,0.41961702597512074,487.1415412250913,0.903010075520918,1.567657635996088
702,10028.57143,4058.5600558759256,0.4285012903294661,491.86079451641007,0.899999808779946,1.4967601244380828
703,10042.85714,3772.284095913285,0.45153249257134226,510.67791180285474,0.8967229450643545,1.351471298502291
704,10057.14286,3571.396795729233,0.46664806947843973,503.96263152682457,0.9082138883552995,1.297858033896943
705,10071.42857,3784.694380824156,0.4434701994363175,429.1808775222607,0.9697752323827182,1.5573457181137746
706,10085.71429,3643.046562967096,0.4593130332400455,438.0587022421387,0.9750051398128577,1.476726937040328
707,10100.0,3708.260379342368,0.4614436297420532,519.9132131212059,0.9003282954090238,1.3078186656215707
708,10114.28571,3637.25926984886,0.46699086471450785,514.7507264241233,0.9074352158670285,1.2946863527839698
709,10128.57143,4276.628899369598,0.415627827479277,459.3427131118373,0.9290143085101327,1.6612099160089286
710,10142.85714,4532.964914804774,0.40499972189448463,555.5436337656809,0.8406517859533174,1.511900377700129
711,10157.14285,4687.461677665621,0.3977063421843536,571.2486044525434,0.8262931503192106,1.529705344067658
712,10171.42857,5267.446957143863,0.36872159792560366,537.4389844360322,0.8328500855352822,1.8399851395267586
713,10185.71428,5299.061043392701,0.37035962663274,569.8023145959396,0.8138845586898973,1.7598198944313355
714,10200.0,5221.558472438947,0.37516938857698706,589.2682212523043,0.8053370528242161,1.6778908464549411
715,10214.28571,5127.522224841904,0.37977805841313417,584.7893717660786,0.8120277377725542,1.652588061920741
716,10228.57143,5209.688979877078,0.3741697872482655,599.4547348527664,0.7951328421221214,1.6517585645428934
717,10242.85714,5058.406159304452,0.3786599123929827,548.2363089045807,0.8315649866691264,1.7254385258958491
718,10257.14286,4772.480819454581,0.3927356060622769,569.5229464306307,0.8236479282401011,1.5655445352835606
719,10271.42857,4427.764647754735,0.40667419489043366,507.52282996455665,0.8751009860431702,1.5941580255273868
720,10285.71428,3863.574141479227,0.4424817355999436,489.83425453513854,0.9094363401670356,1.4311624404841348
721,10300.0,3906.657991840099,0.44149110629009974,531.3948356211905,0.8733910498476374,1.3523273626677466
722,10314.28571,3720.218452597266,0.4544013238993014,459.7332165571711,0.9487873819231386,1.4510405794093781
723,10328.57143,3639.9400111636282,0.4606298092650058,470.7980869502538,0.939521498644547,1.3950911850964485
724,10342.85714,3600.5361316580834,0.4650640717110244,487.21188705680447,0.9259497388313703,1.3434287240198288
725,10357.14286,3653.7995800352314,0.4606673810158113,481.542283860413,0.9301140092612952,1.3743477200544871
726,10371.42857,3159.0938899846656,0.5163308027245013,555.0118228681807,0.8949119233675342,1.0671372480694434
727,10385.71428,3911.3048972608303,0.44591127846396256,510.7556202461986,0.9021337682286363,1.395617295457699
728,10400.0,4293.319460725428,0.4220420422244955,542.0854210834561,0.8653226370229112,1.4560070872421607
729,10414.28571,4220.861522607023,0.42990222599774225,606.2364762492845,0.8243439189056938,1.299137015369688
730,10428.57143,4747.532965485531,0.39796791495234374,598.0513743602985,0.8122953480720295,1.487824374631351
731,10442.85714,5026.374967227011,0.38536092997079774,618.6623744229712,0.7932213850784686,1.5379747742941108
732,10457.14286,5260.327279448752,0.3745773914834813,625.5161466647777,0.782311532683716,1.605801751625449
733,10471.42857,5324.47704510474,0.37355569666336386,644.2502302348124,0.7726963523126379,1.5844887427966496
734,10485.71428,5364.607985398759,0.3712042589751653,634.5846981309517,0.776358909523082,1.6211050052384397
735,10500.0,4934.113682383275,0.3909220935916106,623.0290332579519,0.7951241091246477,1.495795279525502
736,10514.28571,4805.81691065964,0.3947460109522688,603.4831768596162,0.8064396905784933,1.4962473571655133
737,10528.57143,4368.440182015134,0.4134104110379559,493.5319898397089,0.8982908546535975,1.6019522437818552
738,10542.85714,4164.028895428441,0.42452543321535874,479.35937250201823,0.91581884158799,1.5633868114971523
739,10557.14286,3825.3988752734185,0.4483893300530277,489.8768550650839,0.9173651573857255,1.4154470253070446
740,10571.42857,3848.6920256680264,0.4397018123620382,421.29020502986833,0.9791373447237716,1.6039409111098433
741,10585.71429,3543.971670597942,0.46455840892616174,443.88558150949285,0.9653892148653674,1.4270938736751086
742,10600.0,3620.938140357895,0.46241303903509656,497.4022692415293,0.9127014707582145,1.3288447774441785
743,10614.28571,3426.33659715062,0.4845524972306013,527.3091601872158,0.9009657337978949,1.2015677615152154
744,10628.57143,3749.0056243267504,0.4502724840120602,437.2618409417253,0.9700587840290664,1.5196323439648753
745,10642.85714,3838.8980770409853,0.44800708969166003,526.7403483251549,0.8830581129677744,1.3383516719203925
746,10657.14285,3986.382327144113,0.43867046900437856,518.1473855057466,0.8885710890681551,1.4065221552546847
747,10671.42857,4694.854100405761,0.39695723683742895,576.5432352580468,0.8208647751777918,1.5220560829752297
748,10685.71428,4866.005297116376,0.38637446083732424,561.969316396987,0.8225814004889487,1.6213773406418717
749,10700.0,5249.834798142807,0.3658637496124096,530.508555119477,0.8292975095718355,1.8649321683071431
750,10714.28571,5100.726450297061,0.37518471213392646,588.8038249917872,0.7960011296165347,1.6457351004970908
751,10728.57143,4731.584058692867,0.3951599924696635,627.278533891953,0.784668505911585,1.4269081754172692
752,10742.85714,4327.344663451096,0.41631565612320276,611.9679408778802,0.8029362545187435,1.3268117257298857
753,10757.14286,4177.064430074298,0.41812807461034196,489.2296024117735,0.891881852428041,1.5513675453636668
754,10771.42857,4096.942241597872,0.42191485629169395,480.0005454523376,0.900706917181105,1.545978918962726
755,10785.71428,3716.2072803388705,0.45287886624008106,523.6397161515873,0.880144745431379,1.307061655043292
756,10800.0,3527.8737388391105,0.46686596793139234,519.6378953189427,0.8874345049382618,1.252904365049028
757,10814.28571,3597.109189559471,0.4545449170475499,449.4569949293347,0.9435882554137871,1.4381982988398532
758,10828.57143,3571.747341798535,0.4580045039102089,483.2873313815365,0.9109301699338508,1.3476816380782808
759,10842.85714,3473.467375656472,0.4677126188846042,463.4905483773779,0.9384825439587761,1.3573835219285528
760,10857.14286,3573.4578643069167,0.46897807135062525,595.4034827822858,0.8345950765232389,1.1249199027463246
761,10871.42857,3742.066114303826,0.4558163223752997,592.8654297682792,0.8323484274459492,1.1801896950509743
762,10885.71429,4039.1780374016703,0.4324916486301462,558.0906022841401,0.8467525681989747,1.341744907587292
763,10900.0,4478.814005403705,0.40489614724528006,554.0976086257814,0.835803754604422,1.5013366644275306
764,10914.28571,4760.313870120434,0.3932462746485419,619.0449711731741,0.788360775580471,1.4539156186936957
765,10928.57143,4977.9193786489295,0.38244415563630624,608.2272644251867,0.7894526614852372,1.5532173492702577
766,10942.85714,5120.541589278547,0.3760275583665572,614.2050275589509,0.7821001078966437,1.5909561501788547
767,10957.14285,4883.8984265157305,0.38983227670269766,647.3728777508535,0.7730642612458808,1.4341287270453016
768,10971.42857,4842.519235170886,0.38775619887305013,566.3466656889333,0.8203305638271691,1.6020979538302158
769,10985.71428,4606.178559250266,0.39944266056105265,548.6577039236785,0.8398090150527185,1.558008127111271
770,11000.0,4482.218634266147,0.4049606962350119,541.4645708309511,0.8464443069982026,1.5315616575394733
771,11014.28571,4222.894305350555,0.41695095680577815,487.00776218418537,0.8964255409383922,1.5722714637083377
772,11028.57143,3807.090415072728,0.44708481066116257,518.6937526785368,0.8842552882349576,1.3471888654406217
773,11042.85714,3708.793665209898,0.4522539453430662,491.2339811379534,0.9091067939051943,1.3749240231305837
774,11057.14286,3470.6089865171107,0.4744802729582945,528.3899749396916,0.8866380571728227,1.2156455599878813
775,11071.42857,3409.600034165558,0.4751153926663634,481.97908487023835,0.9245612872761447,1.2924001131582155
776,11085.71428,3282.434798221465,0.48695036159376004,483.02982163090223,0.9282580637598666,1.2460575804589225
777,11100.0,3323.9276037617497,0.48586516714169625,512.3537733188131,0.9028123238249178,1.1994991274434277
778,11114.28571,3524.820656674429,0.47139789169118695,552.8522256163861,0.8665956525042527,1.1860110864826134
779,11128.57143,3675.5743263828253,0.4566744565504055,525.2804502477351,0.8813784947396678,1.2895218971447733
780,11142.85714,4123.3073826186555,0.4210089633762902,485.4018361804298,0.8963882915174015,1.5410260190475338
781,11157.14286,4368.1671042331345,0.40938365640822616,532.81472540363,0.8523727519649948,1.5131540532650096
782,11171.42857,4518.884670663379,0.4044034645115736,588.9549496403428,0.8120761178208561,1.436942375891719
783,11185.71428,4974.767627702148,0.37984731105755565,569.1990629042873,0.8108584694757556,1.6478887062586642
784,11200.0,5063.494152023643,0.3756745468129008,574.9343052776694,0.8039731388107049,1.6681693397236124
785,11214.28571,5135.5928669151,0.3734624326368117,591.1391969213703,0.7926456701829462,1.6551863657179495
786,11228.57143,4849.220966701025,0.3880694206708314,620.2668301682947,0.7835764181231263,1.482821883471912
787,11242.85714,4651.52646936836,0.39539865255079815,571.4042589654084,0.8171039929647477,1.5241552565301708
788,11257.14286,4245.8031874283015,0.421172618540077,595.4326784834363,0.816343366983219,1.3333593176533352
789,11271.42857,4086.7197346370085,0.42475390930110135,508.2352350598937,0.8786578707030306,1.4709414834207273
790,11285.71428,3905.5323411796453,0.4329608906237275,457.5882903837417,0.9269064978415376,1.5323938197139262
791,11300.0,3509.6021755973843,0.4722869258005451,571.2992971571891,0.851159541619682,1.1478592937489966
792,11314.28571,3404.9923547610756,0.4765033645810037,492.9401176515801,0.9153015091543786,1.2670731426443858
793,11328.57143,3446.8891401739943,0.4694982186699194,458.6601878133873,0.9438538151757856,1.3592144361392076
794,11342.85714,3260.8190124840776,0.491446627782411,511.78470637774683,0.904680295634659,1.179880818463606
795,11357.14286,3301.0629042199394,0.4856179937714649,479.4831497829078,0.932042315626093,1.2601159751385391
796,11371.42857,3542.0349751436243,0.4651123210006491,521.7713620489134,0.8840450903598149,1.2532810522954478
797,11385.71429,3483.743653246854,0.47279138913258384,529.9886565100928,0.8837277525725592,1.2169486598953525
798,11400.0,3764.030124309889,0.4489506081610368,509.9673433862049,0.8905886586771976,1.3527204742975756
799,11414.28571,4044.215831158122,0.43239553921248003,561.4257254117134,0.8443533580444222,1.336595165818484
800,11428.57143,4581.510890770254,0.39918836623924864,582.618926877688,0.8109740596085231,1.4742644583373878
801,11428.57143,4581.510890770254,0.39918836623924864,582.618926877688,0.8109740596085231,1.4742644583373878
