snapshot,snap_int,time_Myr,r_M31_M33,M31_enc,M33_total,JacobiR
000,0,0.0,201.24306840530292,1274591083829.9998,171392138660.0,81.83095242172934
001,1,14.2857,199.09813596445588,1268751606349.9998,171392138660.0,81.08277924344749
002,2,28.57142,196.99781103579306,1262449112229.9998,171392138660.0,80.36070549978626
003,3,42.85712,194.82098693342604,1256148623370.0,171392138660.0,79.60536982235224
004,4,57.14285,192.6608531712026,1249694464050.0,171429461280.0,78.86373692304066
005,5,71.42857,190.46794625676824,1244162327489.9998,171429461280.0,78.08148029059893
006,6,85.71427,188.3288240683382,1238779850869.9998,171466783900.00003,77.32182320212185
007,7,99.99999,186.22102226844376,1233553049970.0,171466783900.00003,76.56426153256302
008,8,114.28571,184.12581726894553,1227096885390.0,171466783900.00003,75.83535749745562
009,9,128.57141,182.0390329910088,1222025760210.0,171504106520.00003,75.08489459086773
010,10,142.85713,179.94847328620912,1216720118819.9998,171504106520.00003,74.33033882708828
011,11,157.14286,177.82102435999636,1209418766710.0,171429461280.0,73.5884001963141
012,12,171.42856,175.67901109182353,1202572410200.0,171429461280.0,72.83966745319687
013,13,185.71428,173.42159408949573,1194577535760.0,171429461280.0,72.06375383841646
014,14,199.99998,171.22630759302834,1187816035519.9998,171429461280.0,71.28627446130055
015,15,214.2857,169.0034115847063,1181052530019.9998,171504106520.00003,70.50510700241892
016,16,228.57142,166.7492291412148,1174212189289.9998,171504106520.00003,69.69952461291864
017,17,242.85712,164.4728512751881,1166906826659.9998,171504106520.00003,68.89118741784927
018,18,257.14285,162.1896706930575,1161065343920.0,171541429140.0,68.05352843201528
019,19,271.42857,159.96862254692368,1153304985690.0,171578751760.0,67.2766851545975
020,20,285.71427,157.60380420273694,1144005917600.0,171578751760.0,66.46124032300153
021,21,299.99999,155.31434044511,1135244696120.0,171578751760.0,65.66383331856275
022,22,314.28571,152.92480461962498,1125941617510.0,171653397000.0,64.84056332017911
023,23,328.57141,150.64027110956192,1117487736949.9998,171653397000.0,64.03257530087505
024,24,342.85714,148.31137991141338,1108415164029.9998,171690719620.0,63.21875389316123
025,25,357.14286,145.9072707682299,1097573375559.9998,171802687480.00003,62.411659711865205
026,26,371.42856,143.50880450163828,1088957803499.9998,171840010100.00003,61.55163978740093
027,27,385.71428,140.94460825148053,1079353399749.9999,171840010100.00003,60.63062012952174
028,28,399.99998,138.56037364429037,1069209144129.9999,171914655340.00003,59.80155259008746
029,29,414.2857,136.11031931926766,1058749526549.9998,171914655340.00003,58.936943797578905
030,30,428.57142,133.75851021954435,1049446447939.9999,171914655340.00003,58.089231478251335
031,31,442.85712,131.4533301087042,1039910858379.9998,171914655340.00003,57.262089309993115
032,32,457.14285,129.05407359504565,1029147910399.9999,172026623200.00003,56.424494244014795
033,33,471.42857,126.745640831021,1017923951039.9999,172026623200.00003,55.61814202472258
034,34,485.71427,124.44310292683932,1007314673519.9998,171989300580.00003,54.79483072294671
035,35,499.99999,122.20298374526537,996470879789.9999,172026623200.00003,54.00684770456002
036,36,514.28571,119.96272394765367,985174095719.9999,172063945820.00003,53.22250172388763
037,37,528.57141,117.79350081687886,974257477279.9999,172101268440.00003,52.45836756929773
038,38,542.85714,115.55560190136815,963185183120.0,172101268440.00003,51.658179639343736
039,39,557.14284,113.38075169487983,952116899479.9999,172175913680.0,50.888936429831375
040,40,571.42856,111.26246027779067,941275111009.9999,172138591060.0,50.12555758676129
041,41,585.71428,109.14883503656962,931043993859.9999,172175913680.0,49.35636539258587
042,42,599.99998,107.03746752866505,921281909129.9999,172287881540.0,48.58250335262696
043,43,614.2857,104.98458228590303,910595796379.9998,172325204160.0,47.83986141509402
044,44,628.57143,102.95977374327268,899375847539.9999,172250558920.0,47.104679591826255
045,45,642.85713,101.02930766129008,887925393009.9999,172362526780.0,46.42937493475338
046,46,657.14285,99.03819840942953,875858251379.9999,172362526780.0,45.72240593437923
047,47,671.42857,97.13383831378658,865172138629.9999,172362526780.0,45.027101804265826
048,48,685.71427,95.30615652203137,855406043379.9999,172362526780.0,44.34736325149776
049,49,699.99999,93.47188049823573,844178073499.9999,172399849400.0,43.68898143067931
050,50,714.28571,91.75293820359609,834636468159.9998,172362526780.0,43.04524134521697
051,51,728.57141,90.14624657034207,825179719089.9999,172325204160.0,42.44935237285228
052,52,742.85714,88.59828388701521,815569299559.9998,172325204160.0,41.883659677532506
053,53,757.14284,87.0930431942446,807883771299.9999,172325204160.0,41.30222420043783
054,54,771.42856,85.79935066346272,800964590079.9999,172362526780.0,40.80848897101315
055,55,785.71428,84.60355931626484,793582392219.9999,172362526780.0,40.364128381133284
056,56,799.99998,83.45537983983324,787201057609.9999,172250558920.0,39.91498740238706
057,57,814.2857,82.48432704607958,780892547709.9998,172175913680.0,39.550788210022084
058,58,828.57143,81.65379053757906,774810532979.9999,172175913680.0,39.25472855767128
059,59,842.85713,80.99036290964627,772420619809.9999,172213236300.0,38.97871965329365
060,60,857.14285,80.38938650546805,769571700519.9999,172175913680.0,38.73436894478236
061,61,871.42857,79.9001591127072,767804490229.9999,172175913680.0,38.528156427468105
062,62,885.71427,79.50824857107716,764039563959.9999,172138591060.0,38.39927165555861
063,63,899.99999,79.28715226955995,763578552579.9999,172138591060.0,38.30019590226335
064,64,914.28569,79.19402081542279,762814210799.9999,172026623200.00003,38.259682170336
065,65,928.57142,79.285166543843,765040427209.9999,172026623200.00003,38.26652603497501
066,66,942.85714,79.45883391803652,767118988939.9999,172026623200.00003,38.31567662073964
067,67,957.14284,79.82599137949566,770432930129.9999,172026623200.00003,38.43745264064868
068,68,971.42856,80.42521313055074,775500044789.9999,172063945820.00003,38.64425200312378
069,69,985.71428,81.15631900733929,780419504769.9999,172138591060.0,38.91906382419074
070,70,999.99998,82.04937007811277,788111048809.9999,172101268440.00003,39.21607618977516
071,71,1014.2857,83.11769867525463,796645775119.9999,172063945820.00003,39.5814517068221
072,72,1028.57143,84.26434718172926,803492131629.9998,171951977960.00003,40.004518223017975
073,73,1042.85713,85.60038352424323,812178523139.9999,171914655340.00003,40.49047254396411
074,74,1057.14285,87.00418335934393,821633266949.9999,171690719620.0,40.97821830353974
075,75,1071.42857,88.48287028504599,831625857369.9999,171578751760.0,41.49805197195904
076,76,1085.71427,90.04978788317472,843312833369.9999,171392138660.0,42.02168134574809
077,77,1099.99999,91.65727163194899,854154621839.9999,171354816040.0,42.586982264194056
078,78,1114.28569,93.35723886194754,865150080769.9999,171317493420.0,43.18915955416091
079,79,1128.57142,95.04288259894048,874839340789.9998,171280170800.0,43.80286616705633
080,80,1142.85714,96.85598986112694,885224128399.9999,171242848180.0,44.46000958041949
081,81,1157.14284,98.71201722350685,896444077239.9999,171168202940.0,45.1155917500994
082,82,1171.42856,100.71819820698869,909131916489.9999,171056235080.0,45.807362234518294
083,83,1185.71428,102.61920221070007,921813739959.9999,171018912460.0,46.45355512953554
084,84,1199.99998,104.46170428197064,933648370639.9999,170869621980.00003,47.07326046253572
085,85,1214.28571,106.35382297865685,945028005719.9999,170720331500.00003,47.7188493060543
086,86,1228.57143,108.23850839081638,956642157009.9998,170720331500.00003,48.36713654755474
087,87,1242.85713,110.09623305576586,967483945479.9998,170608363640.00003,49.002094643982005
088,88,1257.14285,112.04950077668494,979482272919.9999,170384427920.00003,49.645249851530224
089,89,1271.42855,114.04824981470237,993162954379.9998,170347105300.00003,50.29406150103958
090,90,1285.71427,116.05580612334029,1004306067989.9999,170272460060.00003,50.98193504382933
091,91,1299.99999,118.09528702254694,1013228980969.9999,170048524340.0,51.702434000342954
092,92,1314.2857,120.10491805504645,1023991928949.9999,169899233860.0,52.382041665028495
093,93,1328.57142,122.08448659750194,1034534397539.9998,169824588620.00003,53.05614539166077
094,94,1342.85714,124.09223160777273,1043833465629.9998,169824588620.00003,53.76806174942631
095,95,1357.14284,126.10632430588596,1053441879899.9999,169787266000.00003,54.47012607105768
096,96,1371.42856,128.1564091208259,1062205106639.9999,169749943380.00003,55.198941449296385
097,97,1385.71428,130.23729227880327,1071200844329.9998,169675298140.00003,55.92954222325279
098,98,1399.99998,132.25628698876466,1079887235839.9999,169712620760.00003,56.648042189444354
099,99,1414.28571,134.25072436614033,1087732450339.9999,169712620760.00003,57.363722221937486
100,100,1428.57143,136.15797877150843,1094572791069.9998,169526007660.00003,58.03593594152033
101,101,1442.85713,138.0356005980446,1102642495479.9998,169414039800.00003,58.679445537460246
102,102,1457.14285,139.88540712307804,1109175495289.9998,169376717180.0,59.344466179020905
103,103,1471.42855,141.7143301338249,1117016699269.9998,169376717180.0,59.97935412581741
104,104,1485.71427,143.5675928276584,1124779062759.9998,169302071940.0,60.614719996988256
105,105,1500.0,145.39331667512542,1131156386850.0,169264749320.00003,61.26546515851778
106,106,1514.2857,147.23534609615862,1139535437439.9998,169264749320.00003,61.889215636959186
107,107,1528.57142,149.00358236761008,1145682255840.0,169190104080.00003,62.51107510950315
108,108,1542.85714,150.7708262448747,1151291227629.9998,169227426700.00003,63.1542382678886
109,109,1557.14284,152.54533654019792,1158746250200.0,169190104080.00003,63.755522421900224
110,110,1571.42856,154.30257141020445,1165584585670.0,169190104080.00003,64.36358397113264
111,111,1585.71428,156.07557051441282,1172196425970.0,169152781460.00003,64.97573228612816
112,112,1599.99999,157.82795124424555,1177196731699.9998,169040813600.0,65.59762201205962
113,113,1614.28571,159.56241595628725,1183343550099.9998,169078136220.0,66.20835630009341
114,114,1628.57141,161.2562469759182,1189338703300.0,169003490980.0,66.78874106666461
115,115,1642.85713,162.9378248575792,1195101345550.0,168928845740.0,67.36664858853695
116,116,1657.14285,164.59239106661596,1199788294579.9998,168966168360.0,67.9670051964162
117,117,1671.42855,166.2552919298717,1205247606430.0,168928845740.0,68.54482283757916
118,118,1685.71427,167.8566126468717,1209706055029.9998,168854200500.0,69.10971908837652
119,119,1700.0,169.41989779417978,1216243065360.0,168704910020.00003,69.6076329160214
120,120,1714.2857,170.95129086101943,1222547564739.9998,168630264780.00003,70.10553452716046
121,121,1728.57142,172.4251190902285,1227238524290.0,168518296920.00003,70.60409597183343
122,122,1742.85714,173.87361732002842,1231001445299.9998,168331683820.0,71.09833970167944
123,123,1757.14284,175.27994201743397,1235383058669.9998,168182393340.0,71.56739091180724
124,124,1771.42856,176.67029869408066,1239378490629.9998,167921135000.0,72.02014866532545
125,125,1785.71429,178.05577953394751,1243529598310.0,167883812380.00003,72.49871491882747
126,126,1799.99999,179.39911654539867,1247140854119.9998,167846489760.00003,72.96969882955896
127,127,1814.28571,180.73348112991462,1251059450849.9998,167622554040.0,73.40293920739985
128,128,1828.57141,182.00690182205406,1254595876689.9998,167547908800.00003,73.83964109363686
129,129,1842.85713,183.23894213959736,1259133165780.0,167361295700.0,74.22249788161842
130,130,1857.14285,184.48012015602498,1262669591619.9998,167323973080.0,74.64987012355563
131,131,1871.42855,185.66227618130426,1266588188349.9998,167212005220.0,75.03392745703934
132,132,1885.71428,186.8373651390935,1269894108499.9998,166876101640.0,75.39269731540269
133,133,1900.0,187.99839730501432,1272431676350.0,166689488540.0,75.78246524488618
134,134,1914.2857,189.10525622129197,1275044074169.9998,166540198060.0,76.15379694161551
135,135,1928.57142,190.29661953094362,1278659340499.9998,166540198060.0,76.56127348524602
136,136,1942.85714,191.38307230412127,1282195766339.9998,166353584960.0,76.89878278783698
137,137,1957.14284,192.4345097992543,1285271180799.9998,166166971860.0,77.23063481822938
138,138,1971.42856,193.51157807585344,1288805601380.0,166017681380.0,77.56859630580988
139,139,1985.71427,194.5250855920284,1291652515409.9998,165905713519.99997,77.90000748442601
140,140,1999.99999,195.55594591672536,1294113248029.9998,165793745660.0,78.24554985399047
141,141,2014.28571,196.5511668880973,1296495140160.0,165569809940.0,78.5601637996027
142,142,2028.57141,197.61433179805445,1298108679990.0,165383196840.0,78.92269058300259
143,143,2042.85713,198.4891882095183,1299414878899.9998,165084615880.0,79.19779915573544
144,144,2057.14285,199.39561525607493,1301566265339.9998,164860680160.0,79.47963667153823
145,145,2071.42855,200.23495512167574,1303640816549.9998,164786034920.0,79.75979841032418
146,146,2085.71428,201.1051636045199,1305025855949.9998,164674067060.0,80.05993902406198
147,147,2100.0,201.91749056969186,1306946736699.9998,164188873000.0,80.26494011647831
148,148,2114.2857,202.73606976423073,1308252935609.9998,164076905140.0,80.54518877405634
149,149,2128.57142,203.55069111329996,1311172674349.9998,163927614660.0,80.78424292209579
150,150,2142.85714,204.39783251844824,1313093555099.9998,163629033700.0,81.03161963899151
151,151,2157.14284,205.2096168306253,1315398611999.9998,163293130120.0,81.25022191264999
152,152,2171.42857,205.96839839766872,1317319492749.9998,163106517020.0,81.47993213598187
153,153,2185.71427,206.65432980170908,1318856197349.9998,162957226540.0,81.69457864449276
154,154,2199.99999,207.3807020426574,1320700242870.0,162658645580.0,81.89347622021157
155,155,2214.28571,208.05916714334256,1322083277009.9998,162472032480.0,82.10131710234359
156,156,2228.57141,208.70370247670328,1323160975489.9998,162210774140.0,82.2891341918465
157,157,2242.85713,209.32636980286787,1324313503939.9998,162136128900.0,82.49803557868474
158,158,2257.14285,209.91960712502686,1325850208539.9998,161800225320.0,82.64271188637905
159,159,2271.42856,210.47304586376032,1327312083169.9998,161538966980.0,82.78555637445581
160,160,2285.71428,211.03058563742934,1328234105929.9998,161389676500.00003,82.96007068114052
161,161,2300.0,211.59145108031956,1329926486249.9998,161053772920.0,83.08753492990425
162,162,2314.2857,212.13954391827434,1332003042719.9998,160867159820.0,83.22727807290893
163,163,2328.57142,212.61067760279028,1333622598329.9998,160717869340.0,83.3525351096779
164,164,2342.85712,213.07234767989092,1334083609709.9998,160568578860.0,83.4980367393998
165,165,2357.14284,213.54875466315607,1334544621089.9998,160344643140.0,83.63617512507962
166,166,2371.42857,214.02842769271527,1335157297669.9998,160120707420.0,83.77218014012247
167,167,2385.71427,214.45204651466233,1336002485199.9998,159971416940.0,83.89419381483957
168,168,2399.99999,214.83153373339226,1337005353710.0,159822126460.0,83.99548650998759
169,169,2414.28571,215.28222930818484,1338157882159.9998,159336932400.0,84.0622896987337
170,170,2428.57141,215.74612658654942,1339233575379.9998,159001028820.0,84.16164406075991
171,171,2442.85713,216.1168868811607,1340078762909.9998,158702447860.0,84.2357547248707
172,172,2457.14286,216.48416143231435,1340541779549.9998,158590480000.00003,84.34934523687096
173,173,2471.42856,216.802172451582,1340695450009.9998,158254576420.0,84.4103456391353
174,174,2485.71428,217.11915378679902,1342155319379.9998,157993318080.00003,84.45657268971176
175,175,2500.0,217.45944480586428,1342620341279.9998,157732059740.0,84.53252864185839
176,176,2514.2857,217.7546130178416,1342541500789.9995,157433478780.00003,84.59547949253957
177,177,2528.57142,217.99853080367706,1342005659439.9998,157060252580.0,84.6345227430996
178,178,2542.85712,218.20674583747254,1341773148489.9998,156388445420.0,84.59928568367515
179,179,2557.14285,218.34542017471756,1341696313259.9998,155977896600.0,84.58052296870092
180,180,2571.42857,218.5645212819365,1341312137109.9998,155604670400.0,84.60588876677761
181,181,2585.71427,218.7020100585291,1341542642799.9998,155231444200.0,84.58652458070169
182,182,2599.99999,218.79211967645594,1341540637539.9998,154746250140.0,84.53316135506051
183,183,2614.28571,218.8973392420616,1341386967079.9998,154186410840.0,84.47492657160169
184,184,2628.57141,218.9757227925009,1340693444749.9998,153775862020.0,84.44466129145502
185,185,2642.85713,218.96690797833205,1339848257219.9998,153589248920.0,84.42483506348765
186,186,2657.14286,219.02621011091338,1339538911039.9998,153327990580.0,84.40628645550667
187,187,2671.42856,219.0430962670053,1339615746269.9998,152768151280.0,84.30831917032913
188,188,2685.71428,219.0241171070768,1339462075810.0,152096344120.0,84.18047866468731
189,189,2699.99998,218.979766154345,1339464081070.0,151872408400.0,84.12206500538963
190,190,2714.2857,218.87924104265383,1338849399229.9998,151424536960.0,84.01356575132573
191,191,2728.57142,218.76515005318058,1338618893540.0,151125956000.0,83.91936270517107
192,192,2742.85712,218.6487050465847,1338155876899.9998,150976665520.0,83.85673562626594
193,193,2757.14285,218.52214354787307,1337157018909.9998,150678084560.00003,83.77376115906414
194,194,2771.42857,218.39351569794297,1336542337069.9998,150304858360.0,83.66808723455078
195,195,2785.71427,218.2891717560701,1335238143419.9998,149745019060.0,83.55133872603962
196,196,2799.99999,218.20636033015836,1334316120659.9998,149110534520.0,83.42072081391902
197,197,2814.28571,218.11738339313422,1333855109279.9998,148662663080.0,83.31272975482148
198,198,2828.57141,217.8744148197547,1332777410799.9998,148326759500.0,83.17960690320734
199,199,2842.85714,217.74017228578154,1332085893729.9998,148028178540.0,83.08691212504789
200,200,2857.14286,217.51407717669477,1330856530050.0,147468339240.0,82.9213862135707
201,201,2871.42856,217.26138283183025,1330241848209.9998,146759209459.99997,82.70481477785931
202,202,2885.71428,216.9159608308878,1329857672059.9998,146423305880.0,82.51822139996585
203,203,2899.99998,216.60566426672452,1327859956079.9998,145639530860.0,82.29412080413206
204,204,2914.2857,216.29661387572182,1327326119989.9998,145228982040.0,82.11041986597543
205,205,2928.57142,215.94247003432847,1326404097229.9998,145042368940.0,81.95983511348693
206,206,2942.85712,215.58009021955513,1325326398749.9998,144594497500.0,81.76013941759145
207,207,2957.14285,215.22196765965788,1324479205959.9998,144146626060.0,81.55733850047227
208,208,2971.42857,214.8969621831096,1323175012309.9998,143736077240.0,81.38351503270493
209,209,2985.71427,214.48745101721795,1321791978169.9998,143325528420.0,81.17931258237607
210,210,2999.99999,213.89868933081715,1319640591729.9998,142914979600.00003,80.9230333153797
211,211,3014.28571,213.54306569521722,1319102745119.9998,142467108160.0,80.71497867499417
212,212,3028.57141,213.00871911352422,1316799693479.9998,141981914100.0,80.46836038270094
213,213,3042.85714,212.42446895257737,1313572613819.9998,141496720040.00003,80.22172046682313
214,214,3057.14284,211.87913639028494,1311342386889.9998,141198139080.00003,80.00475877937411
215,215,3071.42856,211.2462594000358,1309191000449.9998,140936880740.00003,79.76020171540699
216,216,3085.71428,210.54816556070796,1306117591249.9998,140339718820.00003,79.44640278715337
217,217,3099.99998,209.87243136539809,1303889369579.9998,140041137860.00003,79.18027832965296
218,218,3114.2857,209.1408893505913,1300662289919.9998,139667911660.0,78.89926947780765
219,219,3128.57143,208.49166425053838,1298432062989.9998,139182717600.00003,78.6081166158962
220,220,3142.85713,207.78210021239627,1296588017470.0,138996104500.00003,78.34266510579546
221,221,3157.14285,207.04554939305248,1294438636289.9998,138921459260.00003,78.09415390506467
222,222,3171.42857,206.22036443757491,1292594590769.9998,138398942580.00003,77.72219024890528
223,223,3185.71427,205.41668328628626,1290133858149.9998,137876425900.0,77.37086675670702
224,224,3199.99999,204.55531030184812,1287905636479.9998,137241941359.99998,76.97240024053843
225,225,3214.28569,203.76021626154238,1285752244780.0,136682102060.0,76.61153788301176
226,226,3228.57141,202.860808265515,1282450335149.9998,136271553240.0,76.26226560920144
227,227,3242.85714,201.95184020477657,1279837937329.9998,135861004420.0,75.89580355517423
228,228,3257.14284,201.03315167946022,1276916193329.9998,135450455599.99998,75.53189393981236
229,229,3271.42856,200.04547089685192,1274378625479.9998,135226519880.0,75.1691874303346
230,230,3285.71428,198.94682463622777,1271226375789.9998,134704003200.0,74.72160910478318
231,231,3299.99998,197.82537311041708,1267615119979.9998,134442744860.0,74.32278612191925
232,232,3314.2857,196.67351944236123,1263696523249.9998,134256131759.99998,73.93209349299855
233,233,3328.57143,195.31164461029806,1258546557579.9998,133882905560.0,73.4519651318743
234,234,3342.85713,194.10352159610923,1254777620789.9998,133547001980.0,73.00947224279872
235,235,3357.14285,192.9057432969823,1251314019660.0,133360388880.00002,72.59198523909626
236,236,3371.42857,191.63146177948158,1246625065369.9998,132987162680.0,72.13534320005458
237,237,3385.71427,190.26995443110226,1243088639529.9998,132539291240.00002,71.61011937986278
238,238,3399.99999,188.9094580836912,1239093207569.9998,132203387660.00002,71.11423996047426
239,239,3414.28569,187.4867263541977,1234788429429.9998,131830161460.0,70.5940240257091
240,240,3428.57142,186.02223924391203,1231328838820.0,131344967400.00002,70.0220247519939
241,241,3442.85714,184.5004397197544,1226793554989.9998,130971741200.00002,69.46874378213155
242,242,3457.14284,182.96537404216176,1223178288659.9998,130523869760.00002,68.87986730247329
243,243,3471.42856,181.35127087102396,1218258828679.9998,130187966180.0,68.30529371615451
244,244,3485.71428,179.6831875215905,1213800380079.9998,129740094740.00002,67.68198570388279
245,245,3499.99998,178.0204793237683,1208266238259.9998,129516159020.0,67.11924656966046
246,246,3514.2857,176.32302699833377,1203193107820.0,129142932820.0,66.50854866309642
247,247,3528.57143,174.62108024211787,1197814641720.0,129030964960.0,65.94594780879015
248,248,3542.85713,172.8194538761109,1191514152860.0,128657738759.99998,65.31729628688322
249,249,3557.14285,171.02487346158688,1185826340579.9998,128209867319.99998,64.66700267292606
250,250,3571.42855,169.13556462796376,1179598676430.0,127799318499.99998,63.996520129476735
251,251,3585.71427,167.28106072608597,1173375022800.0,127538060159.99998,63.363296628636654
252,252,3599.99999,165.32791077560424,1165920000230.0,127239479199.99998,62.70765437314992
253,253,3614.28569,163.37084455484464,1159538665620.0,126828930380.0,62.011978414846716
254,254,3628.57142,161.3510452789134,1151843111060.0,126530349420.0,61.3331933940454
255,255,3642.85714,159.25377967736367,1144693424149.9998,126231768460.0,60.613995097646225
256,256,3657.14284,157.0963545395513,1138316100060.0,125895864879.99998,59.85112311801113
257,257,3671.42856,154.92632693300442,1132167276400.0,125671929160.0,59.095959345766765
258,258,3685.71428,152.65636249263378,1123559725380.0,125522638679.99998,58.35528711616926
259,259,3699.99998,150.34106245326745,1115413185739.9998,125224057720.0,57.56408634219689
260,260,3714.28571,148.0404553404207,1107729662739.9998,124850831520.0,56.75746172115076
261,261,3728.57143,145.61804266140095,1099961283469.9998,124440282700.0,55.89844420965738
262,262,3742.85713,143.1342315600852,1090276033969.9999,124104379120.0,55.057572461949945
263,263,3757.14285,140.60128733639323,1081973818609.9998,123619185060.0,54.15048365511315
264,264,3771.42855,137.95470943374013,1070824689219.9999,123320604100.0,53.27199422572512
265,265,3785.71427,135.24454969763437,1061600451099.9999,122872732660.0,52.312793812685356
266,266,3799.99999,132.41840997706853,1052303388269.9999,122462183840.00002,51.31276065403846
267,267,3814.2857,129.51154955864257,1042155122129.9999,122163602880.00002,50.30776104555151
268,268,3828.57142,126.48242973023953,1030856332799.9999,121827699300.00002,49.26473689668034
269,269,3842.85714,123.43868591788394,1019395851969.9999,121230537380.00002,48.17972837810855
270,270,3857.14284,120.26921155142526,1006327847089.9999,121006601660.00002,47.11591792500117
271,271,3871.42856,116.980047300862,993642013099.9999,120558730220.0,45.964728631101
272,272,3885.71428,113.63562400129548,979655995979.9999,120297471880.00002,44.829662477734864
273,273,3899.99998,110.22217690382088,966822507309.9999,120110858780.00002,43.652001248214084
274,274,3914.28571,106.8146460958024,952903299119.9999,119588342100.0,42.44574352371778
275,275,3928.57141,103.23074094065173,937222896419.9998,119252438520.00002,41.21043247126506
276,276,3942.85713,99.7474147234315,923455353429.9998,118953857560.0,39.983351246129224
277,277,3957.14285,96.13373409888523,907613259229.9999,118505986119.99998,38.70903091496611
278,278,3971.42855,92.61996062056004,893002533969.9999,118020792059.99998,37.44523306282801
279,279,3985.71427,89.17641596923936,876386071689.9998,117759533720.0,36.252688459725825
280,280,4000.0,85.92329774503462,860924143119.9999,117423630139.99998,35.104636214988574
281,281,4014.2857,82.77579901951533,845162894669.9998,117013081320.0,33.9879299402476
282,282,4028.57142,79.85589336845788,830635020419.9999,116565209879.99998,32.93693718619208
283,283,4042.85714,77.04371911556086,817943170649.9999,116042693200.0,31.892761881673657
284,284,4057.14284,74.44030152199186,805944843209.9999,115669467000.0,30.933989198248298
285,285,4071.42856,71.93869522168607,793639174849.9999,115296240800.0,30.01579898402323
286,286,4085.71428,69.64265164647145,783023886809.9999,114923014600.0,29.156986310557265
287,287,4099.99999,67.43391358965597,772796780179.9999,114661756260.0,28.334754994598796
288,288,4114.28571,65.41919952185062,758422576389.9999,114400497920.0,27.639750258356734
289,289,4128.57141,63.54230020617352,744574187649.9999,114325852680.0,27.006300211667476
290,290,4142.85713,61.85384693977547,732420184489.9999,113989949100.0,26.407389340557096
291,291,4157.14285,60.37025270978902,717490092009.9999,113654045520.00002,25.926028387513846
292,292,4171.42855,59.04040398578781,700268974190.0,113318141940.0,25.535880767141496
293,293,4185.71427,57.88593080239259,684038709099.9999,113131528840.00002,25.21916375733941
294,294,4200.0,56.962703754165446,669935804150.0,112982238360.0,24.97887789589085
295,295,4214.2857,56.209067702007104,655984559139.9999,112646334780.0,24.79728877942289
296,296,4228.57142,55.70424502213962,644156721609.9999,112385076440.0,24.704950879080112
297,297,4242.85714,55.45690234009742,634834415109.9999,112123818100.0,24.6958937251926
298,298,4257.14284,55.39973619713748,627202525750.0,112011850240.00002,24.761850030854507
299,299,4271.42856,55.5661575886674,622981402290.0,111899882380.00002,24.88390590238592
300,300,4285.71426,55.98021118222814,621564362890.0,111563978800.0,25.06323714023636
301,301,4299.99999,56.508008162182335,620822798480.0,111377365700.00002,25.295489939834546
302,302,4314.28571,57.2294103322309,621338634570.0,111377365700.00002,25.61133009274129
303,303,4328.57141,58.09713204330823,622244646810.0,111340043080.00002,25.984125239549787
304,304,4342.85713,59.09127228370061,625251231300.0,111228075220.0,26.377479711099532
305,305,4357.14285,60.18125633580911,628055331140.0,111228075220.0,26.823992750870282
306,306,4371.42855,61.34449524210194,631079920889.9999,111228075220.0,27.29872007735732
307,307,4385.71428,62.589271695590725,635558385270.0,111153429980.00002,27.78086120540871
308,308,4400.0,63.91865541976737,641415862749.9999,111116107360.00002,28.281128794775512
309,309,4414.2857,65.28034397447355,646130838080.0,110929494260.00002,28.797047107267005
310,310,4428.57142,66.82831258608414,653310540769.9999,110892171640.00002,29.368216370116528
311,311,4442.85714,68.13690791270443,658632197940.0,110929494260.00002,29.86577445529122
312,312,4457.14284,69.66589312696001,665793869070.0,110854849020.00002,30.419250670132204
313,313,4471.42856,71.26388768578644,674500265839.9999,110817526400.00002,30.97906371735209
314,314,4485.71427,72.77932531657133,681591106999.9999,110742881160.00002,31.52066182788535
315,315,4499.99999,74.36525665754947,687226110350.0,110668235920.00003,32.112037413588986
316,316,4514.28571,76.00816032297507,693855940129.9999,110705558540.00002,32.72027372598044
317,317,4528.57141,77.61762456375531,698957091609.9999,110742881160.00002,33.335383031044664
318,318,4542.85713,79.20516812267337,706828321889.9999,110854849020.00002,33.90187921307769
319,319,4557.14285,80.86280108253736,716762077079.9999,110854849020.00002,34.45074947938023
320,320,4571.42855,82.4543656444199,723462757869.9999,110742881160.00002,35.008233940958235
321,321,4585.71428,84.04647379858726,730007762939.9999,110780203780.00002,35.58123835567094
322,322,4600.0,85.61067560624839,735642771549.9999,110817526400.00002,36.15472693319075
323,323,4614.2857,87.2129984552189,742954128919.9999,110929494260.00002,36.7225556008785
324,324,4628.57142,88.70769740807951,747808764189.9999,110854849020.00002,37.26256007303195
325,325,4642.85712,90.23185952492143,752050717619.9999,110817526400.00002,37.827155341920566
326,326,4657.14284,91.79219220819961,757588854179.9999,110817526400.00002,38.38728247310934
327,327,4671.42857,93.27600546084534,761588280879.9999,110742881160.00002,38.93066263124596
328,328,4685.71427,94.78111839010431,765971888989.9999,110742881160.00002,39.483243842791154
329,329,4699.99999,96.28056941549417,770201826639.9999,110817526400.00002,40.04330859603276
330,330,4714.28571,97.71042097800301,773897933459.9999,110929494260.00002,40.58684888693131
331,331,4728.57141,99.18771737776785,780362108559.9998,110817526400.00002,41.072580560496284
332,332,4742.85713,100.65031757843819,783894523880.0,110742881160.00002,41.60618350451667
333,333,4757.14285,102.04693013500415,786812257359.9999,110705558540.00002,42.12656511158029
334,334,4771.42856,104.35882939260358,797985407789.9999,110817526400.00002,42.89338965111983
335,335,4785.71428,105.75081268049009,800680651359.9999,110854849020.00002,43.421567975154275
336,336,4800.0,107.12896136110932,802225371739.9998,110929494260.00002,43.96905270996191
337,337,4814.2857,107.68363370800803,800073985299.9999,110780203780.00002,44.21643324831681
338,338,4828.57142,109.07259921303766,802995724039.9998,110817526400.00002,44.73739963232225
339,339,4842.85712,110.47783852018941,805763787059.9999,110668235920.00003,45.24149185657682
340,340,4857.14284,111.8336329985631,809532723849.9999,110556268060.00002,45.710091295687086
341,341,4871.42857,113.25130457513966,811918621239.9999,110481622820.0,46.233743848140286
342,342,4885.71427,114.66822205610315,815679536989.9999,110593590680.00002,46.75591323306728
343,343,4899.99999,116.0527834378652,818528456279.9999,110518945440.00002,47.254867079236725
344,344,4914.28571,117.44069731219234,822527893499.9999,110295009720.00002,47.7101042547715
345,345,4928.57141,118.87376702956668,825522462209.9999,110071073999.99998,48.201157034440016
346,346,4942.85713,120.34651624860894,829058888049.9998,110033751380.0,48.72333844072872
347,347,4957.14286,121.73420435328589,829982910809.9999,109996428760.0,49.26128857866364
348,348,4971.42856,123.2594581887279,833523347169.9999,109735170420.00002,49.768316125822274
349,349,4985.71428,124.68376029702905,835521063149.9999,109361944220.0,50.246154902889714
350,350,4999.99998,126.08398457380585,836754437349.9999,108988718019.99998,50.72761374155032
351,351,5014.2857,127.57059782019378,839831857069.9999,108802104920.0,51.233682956726035
352,352,5028.57142,129.05361182888436,843673618569.9999,108428878719.99998,51.69124562414022
353,353,5042.85712,130.53090037276704,847442555359.9998,107906362039.99998,52.1213427934655
354,354,5057.14285,132.0983086893097,851439992579.9999,107346522739.99998,52.573299860841246
355,355,5071.42857,133.7122107929975,856741623449.9998,107010619159.99998,53.050165231271194
356,356,5085.71427,135.2901269707581,861582242939.9999,106413457239.99998,53.47564648821148
357,357,5099.99999,136.93528858597767,865498834409.9999,105928263180.0,53.96189231203
358,358,5114.28571,138.59601699130636,870034118239.9999,105555036980.0,54.45715856191048
359,359,5128.57141,140.33445479991417,873807060289.9999,104920552440.0,54.95020533102854
360,360,5142.85713,142.10115790463075,877806497509.9998,104286067900.0,55.445135870544505
361,361,5157.14286,143.91936368318673,882270961889.9999,103800873840.0,55.972611863645525
362,362,5171.42856,145.7673162894974,887267257099.9999,103390325020.0,56.510000099973006
363,363,5185.71428,147.67944719096064,892338382279.9999,102643872620.0,57.00477176574871
364,364,5199.99998,149.61894553424085,897415523239.9999,101972065460.0,57.51826851895675
365,365,5214.2857,151.55944006310676,903034516069.9999,101449548780.0,58.043676997751774
366,366,5228.57142,153.41007778450614,909183339729.9999,101150967820.00002,58.56211450669607
367,367,5242.85712,155.2009396329208,913182782209.9998,100367192800.0,59.00593575186872
368,368,5257.14285,156.89587520847007,917722071299.9999,99620740400.0,59.40382232015845
369,369,5271.42857,158.4497033741798,920795480499.9999,98948933239.99998,59.790301642408664
370,370,5285.71427,159.78545802557056,922338200879.9999,98613029659.99998,60.192440915698356
371,371,5299.99999,160.92296345825,925874626719.9999,98053190360.0,60.42887909963723
372,372,5314.28571,161.872345824799,928028018419.9998,97642641540.0,60.65344492316726
373,373,5328.57141,162.6508031268083,929259387359.9998,97232092719.99998,60.83270180875128
374,374,5342.85714,163.1672080792767,928798375980.0,96485640320.0,60.87934378962093
375,375,5357.14284,163.64539144939056,927496187589.9999,96111414120.0,61.00724201932221
376,376,5371.42856,163.91575804271304,926109142929.9998,95700865300.00002,61.051350064179026
377,377,5385.71428,164.14074416811127,923804086029.9998,95252993860.0,61.090355367852
378,378,5399.99998,164.25616481140267,921185672429.9999,94805122420.0,61.0951247665345
379,379,5414.2857,164.28066683398518,918728950329.9999,94805122420.0,61.15865497587694
380,380,5428.57142,164.24748432209543,913504154689.9999,94357250980.0,61.166032639434945
381,381,5442.85712,164.14741619822868,909427876979.9999,94095992640.0,61.16340773799775
382,382,5457.14285,163.9680173382767,906961128579.9998,93834734300.0,61.095252627788575
383,383,5471.42857,163.73475385415273,903653203169.9999,93424185480.00002,60.993475660399284
384,384,5485.71427,163.5908540120099,900808294399.9999,93274895000.0,60.971444640846954
385,385,5499.99999,162.92495717261025,895658328729.9999,92976314040.0,60.7744357909512
386,386,5514.28571,162.35798177366104,890740874009.9999,92677733080.0,60.60916754782329
387,387,5528.57141,162.00545475080807,886361265899.9998,92155216400.00002,60.46295339569713
388,388,5542.85714,161.37404141362512,880899954049.9998,91968603300.0,60.310742913613915
389,389,5557.14284,160.6968859633936,876287834989.9998,91968603300.0,60.162849624801126
390,390,5571.42856,159.94098554158543,872983920099.9999,91856635440.0,59.93095511533994
391,391,5585.71428,159.11359511349127,868369795779.9999,91670022340.00002,59.68586597518679
392,392,5599.99998,158.2336438599161,862906473409.9999,91520731860.00002,59.4484793079289
393,393,5614.2857,156.71685072170416,857526002049.9998,91408764000.00002,58.97743448836176
394,394,5628.57143,155.6049651322152,851832173989.9999,91371441380.0,58.68119249995489
395,395,5642.85713,154.45052587816122,845222338949.9999,91222150900.00002,58.36545021446394
396,396,5657.14285,153.23127443954505,840687055119.9999,91222150900.00002,58.00864633612975
397,397,5671.42857,151.99433703291652,835613924679.9999,91147505660.00002,57.640859593862615
398,398,5685.71427,150.650738948841,830619634729.9999,90998215179.99998,57.214331519537545
399,399,5699.99999,149.2187223150991,826165201909.9999,90848924700.0,56.741082382364134
400,400,5714.28569,147.7320421574932,820782725289.9999,90848924700.0,56.298293483305336
401,401,5728.57141,146.13965815918118,815096918270.0,90811602080.0,55.81301077184782
402,402,5742.85714,144.8485887311984,810482799209.9999,90811602080.0,55.424712376096835
403,403,5757.14284,143.1174961634704,804562475979.9998,90699634220.00002,54.87375144501288
404,404,5771.42856,141.57761486442692,799719851229.9999,90401053259.99998,54.33293065283856
405,405,5785.71428,139.34924562005435,791953477219.9999,90363730640.0,53.64461311684301
406,406,5799.99998,137.33720243225827,787646699079.9999,90289085400.0,52.95164585439172
407,407,5814.2857,135.1556480893811,780036000789.9998,90251762780.0,52.2722526475273
408,408,5828.57143,132.8421170512903,772888324399.9999,90065149680.00002,51.49983043032
409,409,5842.85713,130.22898565833572,764968279929.9999,90139794920.0,50.67441053559889
410,410,5857.14285,127.38500805832147,757284756929.9999,90177117540.0,49.74170852934973
411,411,5871.42857,124.84720130666925,750286735219.9999,90251762780.0,48.915326230111596
412,412,5885.71427,122.72944298909528,744831433890.0,90326408020.0,48.21598156413177
413,413,5899.99999,120.9289001003804,740908826639.9999,90326408020.0,47.59230743833525
414,414,5914.28569,119.40750838686519,736527213269.9999,90251762780.0,47.073584479661086
415,415,5928.57142,118.12347827159344,733989645419.9999,90289085400.0,46.627414567644
416,416,5942.85714,117.02499025474425,731840264239.9999,90214440160.0,46.22623626067595
417,417,5957.14284,116.05165242897691,730380394869.9999,90214440160.0,45.872278659932434
418,418,5971.42856,115.26090696977217,729686872539.9999,90102472300.00002,45.55528405057675
419,419,5985.71428,114.54911483012835,729527186299.9999,89953181820.00002,45.25224071764998
420,420,5999.99998,113.9069216221284,729759697249.9999,89953181820.00002,44.99376491244918
421,421,6014.2857,113.3081031988036,728605163539.9999,90139794920.0,44.81180228950444
422,422,6028.57143,112.75363688820093,729450351069.9999,90139794920.0,44.57528922966228
423,423,6042.85713,112.24814669447072,729836532480.0,89953181820.00002,44.33698508306676
424,424,6057.14285,111.80387868911981,730378389609.9999,89990504440.00002,44.15668503273343
425,425,6071.42855,111.38926133087136,731300412369.9999,90027827060.00002,43.980514808952435
426,426,6085.71427,110.935437156937,730687735789.9999,90177117540.0,43.837772410273566
427,427,6099.99999,110.47329056952921,731069906679.9999,90251762780.0,43.659580005140825
428,428,6114.28569,109.98245442205253,731686593779.9999,90363730640.0,43.471346624933844
429,429,6128.57142,109.46905594855566,732764292259.9999,90401053259.99998,43.25315302706513
430,430,6142.85714,108.9111386107039,733302138869.9999,90475698499.99998,43.03402463649686
431,431,6157.14284,108.26830577842364,732533786569.9999,90363730640.0,42.7773134725309
432,432,6171.42856,107.58838830208093,732147605160.0,90624988980.00002,42.557082120836945
433,433,6185.71428,107.7140350161603,735144179129.9999,90773279460.0,42.572007586494294
434,434,6199.99998,107.55201775883117,734909662919.9999,90735956840.0,42.5066669761299
435,435,6214.28571,107.50526520556552,735142173869.9999,90847924700.0,42.5011773203196
436,436,6228.57143,107.66490760681121,734149326399.9999,90997215179.99998,42.606782496394366
437,437,6242.85713,108.01451996081626,733743081869.9999,90922569940.0,42.74133034830729
438,438,6257.14285,107.54105884497024,731577658609.9999,91034537799.99998,42.6134041283012
439,439,6271.42855,106.14397914029996,724953786749.9999,91071860419.99998,42.19328390460746
440,440,6285.71427,104.2460130544068,715940012239.9999,91370441380.0,41.65743112309975
441,441,6299.99999,101.90758397409607,706463231609.9999,91370441380.0,40.90426185975328
442,442,6314.2857,98.88036689151099,692960971679.9999,91519731860.00002,39.967046750975136
443,443,6328.57142,97.3708261036506,682677817709.9999,91631699720.00002,39.56964673847106
444,444,6342.85714,96.06551359409822,670837938100.0,91780990200.00002,39.288841061559594
445,445,6357.14284,94.10753816689898,657979211019.9999,91818312820.00002,38.74242425639385
446,446,6371.42856,92.43459989904885,644093620690.0,92041248540.00002,38.35621417490594
447,447,6385.71428,90.58012058028541,632145762119.9999,92265184260.00002,37.85266287090857
448,448,6399.99998,88.83530146898624,618896518830.0,92450797360.0,37.41161493929814
449,449,6414.28571,87.00083489480691,604527598100.0,92525442600.00002,36.93701264537983
450,450,6428.57141,85.13416683066976,591229242640.0,92674733080.0,36.433064617602795
451,451,6442.85713,83.23893970413747,576137645330.0,92824023560.00002,35.94964336513954
452,452,6457.14285,81.27381928796122,560625036639.9999,92973314040.0,35.440726130185766
453,453,6471.42855,79.23586713529481,544454937180.0,92935991420.00002,34.88610485727825
454,454,6485.71427,77.13578154381706,530162867460.0,93047959280.0,34.27770480155578
455,455,6500.0,74.99804609884634,514378944149.9999,92935991420.00002,33.65168913051201
456,456,6514.2857,72.93640920713315,502116579890.0,93233572380.0,33.026075360102325
457,457,6528.57142,70.81285837809878,488894219169.9999,93532153340.0,32.38551469354098
458,458,6542.85714,68.61241310855611,475853502610.0,93681443820.0,31.680069835383307
459,459,6557.14284,66.29901636122943,463518292600.0,93717766440.00002,30.885082826753173
460,460,6571.42856,64.21940932941384,451542465590.0,93717766440.00002,30.178483901889958
461,461,6585.71428,62.00816557254815,440195309900.0,93717766440.00002,29.38761835191593
462,462,6599.99999,59.862913847686286,429764140150.0,94016347400.00002,28.628961014173413
463,463,6614.28571,57.88943267973938,422125043940.0,93941702160.00002,27.84379303656804
464,464,6628.57141,55.97990094014419,411769926790.0,93978024780.00002,27.152679263772214
465,465,6642.85713,54.23180279511448,402328790320.0,94015347400.00002,26.5124537766473
466,466,6657.14285,52.55909345619554,393108159540.0,93790411680.0,25.873389626090525
467,467,6671.42855,51.11927439047511,384830328889.99994,93978024780.00002,25.36064855610719
468,468,6685.71427,49.3588155052117,375981908390.0,94127315260.0,24.690940817265464
469,469,6700.0,48.82259641727642,372828941760.0,94015347400.00002,24.48164440512112
470,470,6714.2857,48.01849228986023,368816107480.0,93977024780.00002,24.162161994387024
471,471,6728.57142,47.49852288431085,365688487030.0,93711766440.00002,23.945893744529197
472,472,6742.85714,47.13818421026187,362237583520.0,93711766440.00002,23.839458665693215
473,473,6757.14284,47.36320456792228,363520617660.0,93861056920.0,23.93774361506855
474,474,6771.42856,47.76776416254597,365694035660.0,93821734300.0,24.090923132930115
475,475,6785.71426,48.18561420992966,370793516680.0,93857056920.0,24.1927739370751
476,476,6799.99999,48.99080853706791,376350710240.0,93590798580.0,24.4522078924501
477,477,6814.28571,50.17642732729803,385983707380.0,93175249760.00002,24.797064266284274
478,478,6828.57141,51.387253581006135,394677867570.0,92875668800.00002,25.180545583885106
479,479,6842.85713,52.80218096875751,404772174069.99994,92685055700.0,25.63942126058561
480,480,6857.14285,54.38552191456742,413641931080.0,92419797360.0,26.193093129129107
481,481,6871.42855,56.12113100995662,424070482110.0,91969925920.00002,26.76202757176352
482,482,6885.71428,57.06470583779807,430815468830.0,91820635440.0,27.054566906879774
483,483,6900.0,59.536921161544235,444104248510.0,91589699720.00002,27.918812544084656
484,484,6914.2857,61.55629116738965,455716318330.0,91287118760.0,28.586923531374246
485,485,6928.57142,63.639921295382706,466625685269.9999,91168150900.00002,29.309684071452438
486,486,6942.85714,65.59861517672715,476581869940.0,90828247320.0,29.962575750668687
487,487,6957.14284,67.59459020807745,487703365690.0,90715279460.0,30.625052200113743
488,488,6971.42856,69.52070062690989,497588667790.0,90378375879.99998,31.24895454128708
489,489,6985.71427,71.45736628835805,507468794600.0,89925504440.00002,31.856264879072352
490,490,6999.99999,73.55564336626749,516527760180.0,89514955620.0,32.549174434694415
491,491,7014.28571,75.50478824585943,524561809910.0,89400987760.00002,33.226126284549714
492,492,7028.57141,77.31516867230677,530495329469.9999,89027761560.00002,33.84823328763644
493,493,7042.85713,79.11394747600824,539071252110.0,88654535360.00002,34.40286818013004
494,494,7057.14285,80.96917421698087,545728299260.0,88205663920.0,35.00658216193965
495,495,7071.42855,82.6503765877157,553423018589.9999,87868760340.0,35.521715506672315
496,496,7085.71428,84.28718022443336,560796391740.0,87531856760.0,36.019568285439924
497,497,7100.0,85.87077267213493,566054383709.9999,87195953180.0,36.53547539161843
498,498,7114.2857,87.46524223028807,573288102180.0,86897372220.0,37.01434565880593
499,499,7128.57142,88.96145040420824,578208747970.0,86486823400.0,37.4812114109017
500,500,7142.85712,90.28625494004515,583026569049.9999,86372855540.0,37.91763871221235
501,501,7157.14284,91.69158295378733,587945220100.0,86111597200.0,38.361395615257194
502,502,7171.42857,92.99510192473093,591851023680.0,85999629340.0,38.80414644957462
503,503,7185.71427,94.25696709555139,597350319750.0,85888661480.0,39.19274731400973
504,504,7199.99999,95.53302974922217,602934477350.0,85664725760.0,39.565882425840236
505,505,7214.28571,96.67232897957602,607891958369.9999,85364144800.0,39.881842568908475
506,506,7228.57141,97.76096676624928,610768882920.0,85438790040.0,40.279266318488546
507,507,7242.85713,98.85497857606772,614495005519.9999,85364144800.0,40.6356857620316
508,508,7257.14285,99.89021135032655,619972322630.0,85252176940.0,40.922044700376844
509,509,7271.42856,100.85650757939234,623973754589.9999,85028241220.0,41.19326521140033
510,510,7285.71428,101.73158833558946,627449360980.0,84916273360.0,41.45560348081262
511,511,7300.0,102.55706132675404,632067485299.9999,84990918600.00002,41.70216419551372
512,512,7314.2857,103.37972977153228,635686741109.9999,84655015020.0,41.901403821269845
513,513,7328.57142,104.14426828024082,639079507009.9999,84580369780.0,42.124064628863316
514,514,7342.85712,104.79378217641717,642231756699.9999,84580369780.0,42.31731628802499
515,515,7357.14284,105.38628093041588,645313181679.9999,84506724540.0,42.47639565837204
516,516,7371.42857,105.95959668062123,647397753929.9999,84469401920.0,42.655304013988
517,517,7385.71427,106.48081309056326,649789667100.0,84506724540.0,42.81876952068412
518,518,7399.99999,106.91527925742317,651797404120.0,84433079300.00002,42.93681014255337
519,519,7414.28571,107.35705690138712,653647460160.0,84470401920.0,43.0798576427205
520,520,7428.57141,107.74633323830108,655190175279.9999,84471401920.0,43.202274236337864
521,521,7442.85713,108.05429181083649,657416391690.0,84510724540.0,43.283508318318184
522,522,7457.14286,108.2996950905914,658876261060.0,84548047160.0,43.35612657692316
523,523,7471.42856,108.48072586083153,659727464370.0,84473401920.0,43.39713482488173
524,524,7485.71428,108.59417634965766,660495816670.0,84436079300.00002,43.419271559064484
525,525,7499.99998,108.66657885713805,660724317100.0,84324111440.0,43.42399974728146
526,526,7514.2857,108.6758154080516,662107351239.9999,84436079300.00002,43.41663148406078
527,527,7528.57142,108.65155947554548,662257011180.0,84474401920.0,43.41023656373383
528,528,7542.85712,108.55317337797051,661338993679.9999,84512724540.0,43.39754706851024
529,529,7557.14285,108.42940647949105,660643466090.0,84814305500.0,43.41479327021567
530,530,7571.42857,108.21864245862417,660562620340.0,84928273360.0,43.35157195481957
531,531,7585.71427,108.08442778524353,660867956000.0,85078563840.0,43.316658548980065
532,532,7599.99999,107.7393480463951,661864808730.0,85153209080.0,43.169291500156085
533,533,7614.28571,107.258174502681,661169286400.0,85265176940.0,43.01039306379709
534,534,7628.57141,106.89624469529255,660932764929.9999,85639403140.0,42.93299968651595
535,535,7642.85713,106.39527905064584,659234374090.0,85977306720.0,42.8246369710395
536,536,7657.14286,105.79055677507125,657301467040.0,86239565060.0,42.66622535766604
537,537,7671.42856,105.14604712522686,655835581889.9999,86318210300.0,42.45075667201169
538,538,7685.71428,104.46477031975077,653445668720.0,86505823400.0,42.25763057234066
539,539,7699.99998,103.65632471702817,651205431270.0,86658113880.0,42.003248572217274
540,540,7714.2857,102.82003191370396,648271676749.9999,86921372220.0,41.76933662301051
541,541,7728.57142,101.89499178742042,645020560270.0,87075662700.0,41.48749854335661
542,542,7742.85712,100.92032870301541,642533806609.9999,87112985320.0,41.149474734956826
543,543,7757.14285,99.882066487486,638575152019.9999,87263275800.0,40.83357014591477
544,544,7771.42857,98.7906833206857,635091540369.9999,87451888900.0,40.49023335191225
545,545,7785.71427,97.61616470770065,629915579960.0,87491211520.0,40.124142918089156
546,546,7799.99999,96.40896899521647,624808428480.0,87679824620.0,39.764150083071726
547,547,7814.28571,95.11687826481374,619770122750.0,87791792480.0,39.35398203653278
548,548,7828.57141,93.77659548598335,613714927470.0,88016728200.0,38.959852852220166
549,549,7842.85714,92.40050154667865,608171568279.9999,88392954400.00002,38.55921426283954
550,550,7857.14284,90.95790948368035,601641393179.9999,88580567500.0,38.12097984754997
551,551,7871.42856,89.43750373809057,596100076069.9999,88733857980.0,37.62123657990304
552,552,7885.71428,87.63449507950108,587437318200.0,88922471080.0,37.06935990941599
553,553,7899.99998,86.20097884107084,580293307010.0,89147406800.0,36.642850429373986
554,554,7914.2857,84.51540103685713,572516577160.0,89409665140.00002,36.123625019044255
555,555,7928.57142,82.80237308664783,564481352140.0,89524633000.00002,35.57381441847132
556,556,7942.85712,81.01005720984188,557568639790.0,89676923480.0,34.966840632969685
557,557,7957.14285,79.31067515063411,550597076430.0,89866536579.99998,34.401418419313934
558,558,7971.42857,77.52585969714991,542077978500.00006,90130794920.0,33.835588761216755
559,559,7985.71427,75.61371761749294,532574033100.0,90317408020.0,33.21909157203355
560,560,7999.99999,73.75853011574264,524555983370.0,90467698499.99998,32.58638270861607
561,561,8014.28571,71.81732844287633,515454203600.0,90579666360.00002,31.92758899018427
562,562,8028.57141,69.84931381485289,506190753370.00006,90616988980.00002,31.245246271846728
563,563,8042.85714,67.79741591059991,494818736150.0,90766279460.0,30.574728457275924
564,564,8057.14284,65.69784060082753,484207071230.0,90841924700.0,29.851042067233394
565,565,8071.42856,63.66671426015726,475338616600.0,91140505660.00002,29.13881484955576
566,566,8085.71428,61.60612405588681,463149092830.0,91103183040.00002,28.437066827133915
567,567,8099.99998,59.50862731121573,450426484039.9999,91252473520.00002,27.74023758760371
568,568,8114.2857,57.47678571557302,438746068900.0,91515731860.00002,27.054736849750537
569,569,8128.57143,55.503485514732105,427100154190.0,91516731860.00002,26.361321825807
570,570,8142.85713,53.71358275781584,416565629460.0,91515731860.00002,25.724378865641633
571,571,8157.14285,51.941146313074334,405044783990.0,91288796140.0,25.088402592790533
572,572,8171.42857,50.22085238610114,392166888600.0,91324118760.0,24.523301462962596
573,573,8185.71427,48.587500408536336,382169886200.0,90987215179.99998,23.901355347601733
574,574,8199.99999,47.13344552066357,371835830340.0,91320118760.0,23.42740939800375
575,575,8214.28569,45.93086219402597,364272214380.0,91318118760.0,22.986432262735725
576,576,8228.57141,44.92386857578158,355017398650.0,91428086620.00002,22.685262762476206
577,577,8242.85714,44.15329164725979,350745218190.0,91575377100.00002,22.39831800581249
578,578,8257.14284,43.548169176527345,348167821230.0,91573377100.00002,22.145565249568566
579,579,8271.42856,43.25017274188797,345419057050.0,91607699720.00002,22.054966837791753
580,580,8285.71428,43.09350084717922,344782077230.0,91566377100.00002,21.985291496324017
581,581,8299.99998,43.30351439641078,346686525930.0,91526054480.00003,22.048670370514923
582,582,8314.2857,43.70981789555416,350927159480.0,91673344960.00002,22.17742049074006
583,583,8328.57143,44.3203969631353,356945406500.0,91707667580.00002,22.362907112663155
584,584,8342.85713,45.07545105721829,360198723710.0,91741990200.00002,22.678034514078377
585,585,8357.14285,46.13376930244717,368821980290.0,91812635440.0,23.0340776817364
586,586,8371.42857,47.39833084044678,377364778520.0,91921603300.0,23.49480214799208
587,587,8385.71427,48.76297161686947,386617944830.0,91956925920.00002,23.979915257090404
588,588,8399.99999,50.21284513014175,393751384640.0,91804635440.0,24.52932910098457
589,589,8414.28569,51.754555552075345,403751743739.99994,91913603300.0,25.081896912298138
590,590,8428.57142,53.37305644993889,413971480580.0,91985248540.00002,25.658306953110138
591,591,8442.85714,55.069648804016815,425065208620.0,91869280680.0,26.23053974080686
592,592,8457.14284,56.74854727981041,435787511580.0,91906603300.0,26.810323948160637
593,593,8471.42856,58.51288697459068,446220536740.0,91939925920.00002,27.43003696513728
594,594,8485.71428,60.24513220048278,455410959810.0,91934925920.00002,28.050308840959808
595,595,8499.99998,61.983643173799166,466469496780.0,91934925920.00002,28.629879969530258
596,596,8514.2857,63.600643348747994,474885604370.0,92080216400.00002,29.2175605280587
597,597,8528.57143,65.24905470681358,483565877590.0,92078216400.00002,29.794171217950417
598,598,8542.85713,66.94740204389483,493048476810.0,92078216400.00002,30.372426435315727
599,599,8557.14285,68.53915824423825,501772415230.00006,92039893780.0,30.90901817740912
600,600,8571.42855,70.09039124698056,509754006610.0,92151861640.00002,31.455479324137183
601,601,8585.71427,71.62077943630916,515356520050.0,92077216400.00002,32.01674522271052
602,602,8599.99999,73.07374432244715,523931602199.9999,92002571160.00002,32.47828980288858
603,603,8614.28569,74.46615428080521,531344150640.0,91965248540.00002,32.938074602997176
604,604,8628.57142,75.79893713860899,537341659680.0,92039893780.0,33.41142377935732
605,605,8642.85714,77.08176141227923,544637372890.0,92002571160.00002,33.8199120207464
606,606,8657.14284,78.34126240383988,551607739920.0,91965248540.00002,34.22249742662708
607,607,8671.42856,79.51088945133834,556249044789.9999,91965248540.00002,34.63656138942564
608,608,8685.71428,80.57761976020186,561831202389.9999,92077216400.00002,34.99880461865558
609,609,8699.99998,81.57079355757752,565366808780.0,92078216400.00002,35.35630611143924
610,610,8714.28571,82.52821565084474,569577932240.0,92153861640.00002,35.69268764953775
611,611,8728.57143,83.41554298468172,572699341440.0,92117539020.00002,36.00605415408228
612,612,8742.85713,84.15170932196007,576649948690.0,92118539020.00002,36.24080795811967
613,613,8757.14285,84.84588434817151,579138670790.0,92122539020.00002,36.48787405458244
614,614,8771.42855,85.56347722164652,581712254420.0,92013571160.00002,36.72763679251405
615,615,8785.71427,86.19769855838888,585582026440.0,92091216400.00002,36.92857043108765
616,616,8799.99999,86.8016920959329,588598589890.0,92018571160.00002,37.11393038284557
617,617,8814.2857,87.23443033962025,591008487280.0,91909603300.0,37.23348225709955
618,618,8828.57142,87.71723006498145,594342423210.0,91912603300.0,37.36982143635288
619,619,8842.85714,88.06758261091424,595266435449.9999,91913603300.0,37.49979347072044
620,620,8857.14284,88.31541142567073,597340970880.0,92139539020.00002,37.59248846455031
621,621,8871.42856,88.53602057894645,597587487090.0,92176861640.00002,37.68629761072209
622,622,8885.71428,88.69126157081264,597585487090.0,92251506880.00002,37.76260764833804
623,623,8899.99998,88.83924431620355,597506646600.0,92140539020.00002,37.81210539603691
624,624,8914.28571,88.8424987115294,597035629960.0,92221184260.00002,37.83446360322212
625,625,8928.57141,88.79195806645389,597272151430.0,92183861640.00002,37.80284728576588
626,626,8942.85713,88.72611335903628,597640317060.0,92186861640.00002,37.76746540743557
627,627,8957.14285,88.55325869295233,596702294299.9999,92114216400.00002,37.703719900273576
628,628,8971.42855,88.33716316861205,595070738690.0,92154539020.00002,37.65154730180942
629,629,8985.71427,88.05453907486454,593210698429.9999,92044571160.00002,37.555321495089835
630,630,9000.0,87.67673143895057,592416335609.9999,92157539020.00002,37.42619134502634
631,631,9014.2857,87.30221034659662,590932450460.0,92198861640.00002,37.30306188361317
632,632,9028.57142,86.7962779822863,588296047380.0,92124216400.00002,37.13217560269916
633,633,9042.85714,86.22502812810143,585584830110.0,91937603300.0,36.91966907721903
634,634,9057.14284,85.59818194433528,583350603179.9999,91901280680.0,36.69316547805358
635,635,9071.42856,85.01143133472044,581072365730.0,91976925920.00002,36.49921740480422
636,636,9085.71428,84.14372298261132,576428236150.0,92200861640.00002,36.25280676938133
637,637,9099.99999,83.31175848241124,573001486030.0,92201861640.00002,35.96590145509832
638,638,9114.28571,82.33975054546879,568234468620.0,92241184260.00002,35.6504744278544
639,639,9128.57141,81.3338570660373,564245850850.0,92504442600.00002,35.33128570966969
640,640,9142.85713,80.27094062190031,559883046410.0,92507442600.00002,34.96027226461603
641,641,9157.14285,79.08608230188722,555194906310.0,92623410460.00002,34.55533933728976
642,642,9171.42855,77.87195907806408,549014891580.00006,92700055700.0,34.16145755652809
643,643,9185.71427,76.57445223309814,541759183630.0,92849346180.00002,33.759661978070945
644,644,9200.0,75.19731708701593,536425170620.0,92923991420.00002,33.27095371185188
645,645,9214.2857,73.78501486265647,529542458270.0,92961314040.0,32.79130188766599
646,646,9228.57142,72.25698011402294,522799437420.0,93186249760.00002,32.275678624815946
647,647,9242.85714,70.84993990497523,515777091429.9999,93188249760.00002,31.790390043361654
648,648,9257.14284,69.21383634176979,508112867270.0001,93189249760.00002,31.21175078923505
649,649,9271.42856,67.33898969379304,498609432820.0,93263895000.0,30.566164819869677
650,650,9285.71426,65.53591739332872,487193937070.0,93415185480.00002,29.99447419423522
651,651,9299.99999,63.717870876666694,477562497360.0,93452508100.00002,29.361044814285673
652,652,9314.28571,61.86213235679251,466517161980.0,93452508100.00002,28.729142676956922
653,653,9328.57141,59.90157258089168,457021313829.9999,93452508100.00002,28.009996922396965
654,654,9342.85713,57.868566089322215,446404655030.0,93489830720.00002,27.275827943309004
655,655,9357.14285,55.813298971804706,434056456400.0,93639121200.0,26.568358996871613
656,656,9371.42855,53.79321508431315,421863561870.0,93789411680.0,25.86493762062551
657,657,9385.71428,51.68973161391091,410576653280.0,93939702160.00002,25.09261490160728
658,658,9400.0,49.64287490066988,398256578200.0,94163637880.0,24.364285648261728
659,659,9414.2857,47.58570286131254,384248107020.0,94199960500.0,23.63811373170931
660,660,9428.57142,45.568883277227805,370453733090.0,94349250980.0,22.925908123278635
661,661,9442.85714,43.63164910118141,359077298630.0,94498541460.00002,22.192386872769696
662,662,9457.14284,41.89401416107293,346255819510.0,94647831940.0,21.579754827227028
663,663,9471.42856,40.20198198481948,333149031030.0,94685154560.0,20.979022338402878
664,664,9485.71427,38.6870388194541,321678549230.0,94573186700.00002,20.417573669343685
665,665,9499.99999,37.46657071477417,312002893010.0,94759799800.0,19.98891019912977
666,666,9514.28571,36.40874217336704,304081904570.0,94946412900.0,19.604615929321227
667,667,9528.57141,35.68538007648922,300246703930.0,94942412900.0,19.296312933372796
668,668,9542.85713,35.301229530227914,298555627710.0,94980735520.0,19.127134960245098
669,669,9557.14285,35.23353091250848,297815259630.0,95091703380.00002,19.113698429875722
670,670,9571.42855,35.58710958818377,299870894140.0,95240993860.0,19.271369799397608
671,671,9585.71428,36.216536742809126,303938574170.0,95352961720.0,19.53198465760926
672,672,9600.0,37.16772940001136,309778186690.0,95314639100.0,19.91554933749894
673,673,9614.2857,38.49104632202597,321555951550.0,95388284340.0,20.37491849682655
674,674,9628.57142,40.24457278569954,333273252800.0,95349961720.0,21.047669252839082
675,675,9642.85712,41.99624472416562,346618887030.0,95387284340.0,21.68102846745601
676,676,9657.14284,43.76173933357509,358012433660.0,95423606960.0,22.35306851642883
677,677,9671.42857,45.691435147388546,370575710330.0,95346961720.0,23.065777780857267
678,678,9685.71427,47.71102180223503,384321504930.0,95234993860.0,23.78533886425017
679,679,9699.99999,49.73691999816363,396547121660.0,95309639100.0,24.544238564487763
680,680,9714.28571,51.78892312948402,410111427210.0,95384284340.0,25.278533020969817
681,681,9728.57141,53.51006425811014,419471887100.0,95345961720.0,25.919420565813365
682,682,9742.85713,55.4500581283443,430407955200.0,95196671240.0,26.6157779601081
683,683,9757.14285,57.35491760262204,442804680560.0,95159348620.00002,27.267191874189564
684,684,9771.42856,59.20191145759954,452369348160.0,95008058140.0,27.930678618887768
685,685,9785.71428,60.94090903386751,463426715100.00006,94933412900.0,28.51313294668622
686,686,9800.0,62.62686877842491,474975897090.0,94895090280.00002,29.058604698126164
687,687,9814.2857,64.26571098447913,483860670740.0,95081703380.00002,29.65479058404508
688,688,9828.57142,65.76331018433518,492825104330.00006,95007058140.0,30.152825612754448
689,689,9842.85712,67.17544740740443,498845804440.0,94932412900.0,30.667847919331827
690,690,9857.14284,68.53057927062952,505435160090.0,94895090280.00002,31.145872545661206
691,691,9871.42857,69.75324783576028,512303851400.0,94857767659.99998,31.555097646502578
692,692,9885.71427,70.87564647510969,517656704900.0,94857767659.99998,31.95195138974035
693,693,9899.99999,71.85897758118963,523129192039.99994,94782122420.0,32.27331125432104
694,694,9914.28571,72.7791497021909,526373462770.0,94782122420.0,32.61928669729045
695,695,9928.57141,73.638493828663,533884490600.0,94744799800.0,32.8446212185689
696,696,9942.85713,74.38184348900984,537157580780.0,94782122420.0,33.1129987427619
697,697,9957.14286,74.99555433367394,540450697260.0,94856767659.99998,33.327003547498435
698,698,9971.42857,75.58468245255274,543179935570.0,94894090280.00002,33.53685064671186
699,699,9985.71428,76.04692544659841,547294197500.0,95043380760.0,33.67482436244773
700,700,10000.0,76.4050159397216,549307913480.0,95081703380.00002,33.79653979897076
701,701,10014.28571,76.64939606267183,550696942360.0,95193671240.0,33.88939967804569
702,702,10028.57143,76.80964418133443,551780646100.0,95230993860.0,33.942438452428775
703,703,10042.85714,76.88780573366198,553114866049.9999,95305639100.0,33.95850459854399
704,704,10057.14286,76.81197193121069,550981500650.0,95417606960.0,33.98203766714231
705,705,10071.42857,76.70671127722572,550295983580.0,95455929579.99998,33.95409979261767
706,706,10085.71429,76.51045037871341,547758420990.0,95567897440.0,33.93269988379222
707,707,10100.0,76.2118541803989,547356239580.0,95643542680.0,33.81746555033184
708,708,10114.28571,75.8614829079886,544861517480.0,95680865300.00002,33.71767722113769
709,709,10128.57143,75.39935981886767,542987450920.0,95719187920.00002,33.5552694725143
710,710,10142.85714,74.8762402245664,540768038180.0,95682865300.00002,33.36376724762171
711,711,10157.14285,74.25279772673838,537404081210.0,95832155780.0,33.17209668018535
712,712,10171.42857,73.60845815736916,533645984910.0,95943123640.0,32.97397149478694
713,713,10185.71428,72.93601412417233,530193219009.9999,95980446260.0,32.747757014572585
714,714,10200.0,72.08129103701475,525930058730.0,96017768879.99998,32.45540980154551
715,715,10214.28571,71.13482788329495,518967686440.0,96055091500.0,32.17601907545063
716,716,10228.57143,70.1278868554286,512731687489.99994,96204381980.0,31.865126921912083
717,717,10242.85714,69.04592032531549,506760992640.0,96242704600.0,31.50041227425985
718,718,10257.14286,67.87848615473453,500139636990.00006,96318349840.0,31.11200995391062
719,719,10271.42857,66.6601219906802,493607930760.00006,96318349840.0,30.687751855915213
720,720,10285.71428,65.40324423446556,486558398960.0,96318349840.0,30.25384977688879
721,721,10300.0,64.10954669125809,479529691870.0,96504962940.0,29.818840764519162
722,722,10314.28571,62.53644608990561,471544967280.0,96542285560.0,29.254186048183925
723,723,10328.57143,61.02090775666221,463942392540.0,96580608179.99998,28.704101569866733
724,724,10342.85714,59.41804420052561,452640525170.0,96655253420.0,28.188093100444487
725,725,10357.14286,57.73255456352804,442190659520.0,96768221280.0,27.613312467668187
726,726,10371.42857,55.8046923261407,432392279380.0,96881189140.0,26.901793177608045
727,727,10385.71428,54.256552463733314,422374610920.0,96843866519.99998,26.3572624667464
728,728,10400.0,52.43939109177671,411715148450.0,96806543900.0,25.68918135228754
729,729,10414.28571,50.55771636309098,400164058450.0,96807543900.0,25.003520294780206
730,730,10428.57143,48.655566960085814,388096750220.0,96770221280.0,24.306538484816677
731,731,10442.85714,46.749947205855456,375981186090.0,96660253420.0,23.593827407068154
732,732,10457.14286,44.90111440654206,363678697310.0,96809543900.0,22.92524004792374
733,733,10471.42857,43.03839094249888,349882035920.0,96958834380.0,22.27073795649603
734,734,10485.71428,41.16240165065374,336064997650.0,97109124860.0,21.59913175984355
735,735,10500.0,39.461960726367906,324451727960.0,97071802240.0,20.948342308688886
736,736,10514.28571,37.90971182886171,311917239180.0,97148447479.99998,20.39573278328237
737,737,10528.57143,36.53474389453636,301276885340.0,97150447479.99998,19.884853677690476
738,738,10542.85714,35.430258015136125,293055960020.0,97149447479.99998,19.462303556874584
739,739,10557.14286,34.622608594851386,286499228350.0,96962834380.0,19.15036559580107
740,740,10571.42857,34.11940078208961,282871750770.0,97075802240.0,18.959717703015894
741,741,10585.71429,33.97322280340519,282471229300.0,96963834380.0,18.88014255565623
742,742,10600.0,33.97858013219593,281634903300.0,97038479620.0,18.90664185272322
743,743,10614.28571,34.560926491051326,287560607809.99994,97039479620.0,19.097729297014883
744,744,10628.57143,35.4302074902631,294397020460.0,97338060580.0,19.44524666896893
745,745,10642.85714,36.52798017595966,301022171090.0,97300737960.0,19.897027950564105
746,746,10657.14285,38.0269479937992,309717717820.0,97227092719.99998,20.512655607833253
747,747,10671.42857,39.43465009657503,319744799120.0,97264415340.0,21.04997043951659
748,748,10685.71428,41.05740883152419,331199244100.0,97264415340.0,21.660563628765225
749,749,10700.0,42.788221146644744,342225497150.0,97339060580.0,22.33430772894881
750,750,10714.28571,44.5652942960189,355953776400.0,97338060580.0,22.958832958982075
751,751,10728.57143,46.3612768432925,369192314240.0,97337060580.0,23.59503260323213
752,752,10742.85714,48.19865945453211,379992077379.99994,97450028439.99998,24.3049148338872
753,753,10757.14286,50.002210320876166,392502573990.0,97375383200.0,24.937223298718923
754,754,10771.42857,51.71075379839696,404783447480.0,97338060580.0,25.522557135771088
755,755,10785.71428,53.35625873544507,416137143960.0,97300737960.0,26.089670164572357
756,756,10800.0,55.030385852856185,428659044610.00006,97263415340.0,26.64025641489572
757,757,10814.28571,56.59184827052728,437530503640.0,97226092719.99998,27.206251701465703
758,758,10828.57143,58.08495632199876,447620187880.0,97226092719.99998,27.712650061262845
759,759,10842.85714,59.51368538663936,456204801160.0,97188770099.99998,28.211461870746046
760,760,10857.14286,60.87015160967586,464506908750.0,97151447479.99998,28.677860698775547
761,761,10871.42857,62.10248001464331,469617580840.0,97151447479.99998,29.151926124385415
762,762,10885.71429,63.341652045592106,476812814660.0,97188770099.99998,29.587080283110396
763,763,10900.0,64.39128028710101,483283293000.00006,97114124860.0,29.93486252416635
764,764,10914.28571,65.35527634977558,487500793340.0,97115124860.0,30.295247545832755
765,765,10928.57143,66.2636909598781,494084127950.00006,97003157000.0,30.567548715021903
766,766,10942.85714,67.0864782934981,497463228650.00006,97003157000.0,30.876871505032863
767,767,10957.14285,67.78377766093023,501228510760.00006,96928511760.0,31.111505669964735
768,768,10971.42857,68.40284570957171,505665330980.0,96891189140.0,31.299534135197803
769,769,10985.71428,68.93775571650762,507122380900.00006,96741898660.0,31.497862670142915
770,770,11000.0,69.3921313988754,509424618350.00006,96815543900.0,31.665665192501738
771,771,11014.28571,69.69807109846097,511454344849.9999,96778221280.0,31.759063068377184
772,772,11028.57143,69.90637788606203,513544917100.0,96815543900.0,31.814786994165882
773,773,11042.85714,70.05232275162616,513560927620.0,96815543900.0,31.88087601825565
774,774,11057.14286,70.13678910453022,514506955640.0,96703576040.0,31.88743912712527
775,775,11071.42857,70.4467217656341,516512666360.0,96627930799.99998,31.978495238942603
776,776,11085.71428,70.35623033201321,516310980120.00006,96665253420.0,31.94568765344245
777,777,11100.0,69.8664707639567,513899907439.99994,96701576040.0,31.77682324215593
778,778,11114.28571,69.57663390990461,511817345710.0,96700576040.0,31.687752380782864
779,779,11128.57143,69.20695749117584,510076949610.0,96775221280.0,31.56331309686619
780,780,11142.85714,68.75746371764819,508430202930.0,96848866519.99998,31.40009172082358
781,781,11157.14286,68.24725926598983,506249609640.0,96886189140.0,31.2157859652563
782,782,11171.42857,67.65255433852342,502198991870.0,96811543900.0,31.01877458309401
783,783,11185.71428,66.96191872341949,498989582670.0,96923511760.0,30.779657170130847
784,784,11200.0,66.14752400028806,493382239260.0,96848866519.99998,30.512229163521013
785,785,11214.28571,65.26265342040494,487419575970.0,97072802240.0,30.24959713075808
786,786,11228.57143,64.24840324891372,480520874140.0,97222092719.99998,29.93665292889577
787,787,11242.85714,63.14578142750015,474411349320.0,97296737960.0,29.556210215125358
788,788,11257.14286,61.97429717206967,467608328470.0,97223092719.99998,29.140523080540678
789,789,11271.42857,60.689269280669656,461204303220.00006,97260415340.0,28.671439604997087
790,790,11285.71428,59.36676448905525,452649700460.0,97558996300.0,28.251081448901733
791,791,11300.0,57.95946671243824,443948267730.0,97596318920.0,27.763959756708115
792,792,11314.28571,56.397992316608196,435576618490.0,97558996300.0,27.1844927489226
793,793,11328.57143,54.827337567919436,425120465380.0,97746609399.99998,26.65940105580994
794,794,11342.85714,53.20631211805128,414468604990.0,97894899880.0,26.104134689652874
795,795,11357.14286,51.52302488908795,402676727100.0,98119835600.0,25.542189011657413
796,796,11371.42857,49.74488478444698,392000212890.0,98270126079.99998,24.89526962589424
797,797,11385.71429,47.82264283084469,378385572540.0,98344771319.99998,24.223067703675277
798,798,11400.0,45.89117648851304,363961399340.0,98344771319.99998,23.547845406146227
799,799,11414.28571,43.9888062877314,349691726570.0,98307448699.99998,22.871739761606577
800,800,11428.57143,42.10906760261665,334321530610.0,98494061800.0,22.238945662897063
801,801,11428.57143,42.10906732081197,334321530610.0,98494061800.0,22.238945514068334
